trip_id,route_id,service_id,trip_headsign,trip_short_name,direction_id,block_id,shape_id,wheelchair_accessible,bikes_allowed,block_name
1959070,125,2,"Fort Street-River Rouge",,1,11291,shp-125-01,1,1,1129
46020,125,3,"Fort Street-River Rouge",,1,11241,shp-125-01,1,1,1124
22020,125,3,"Fort Street-River Rouge",,1,11211,shp-125-01,1,1,1121
1652020,125,3,"Fort Street-River Rouge",,1,11231,shp-125-01,1,1,1123
549020,125,3,"Fort Street-River Rouge",,1,11301,shp-125-01,1,1,1130
459020,125,3,"Fort Street-River Rouge",,1,11311,shp-125-01,1,1,1131
1287070,125,2,"Fort Street-River Rouge",,1,11281,shp-125-01,1,1,1128
655020,125,3,"Fort Street-River Rouge",,1,11331,shp-125-01,1,1,1133
2319070,125,2,"Fort Street-River Rouge",,1,11301,shp-125-01,1,1,1130
1430010,125,1,"Fort Street-River Rouge",,1,11281,shp-125-01,1,1,1128
321020,125,3,"Fort Street-River Rouge",,1,11211,shp-125-01,1,1,1121
3103070,125,2,"Fort Street-River Rouge",,1,11271,shp-125-01,1,1,1127
1423020,125,3,"Fort Street-River Rouge",,1,11271,shp-125-01,1,1,1127
2218070,125,2,"Fort Street-River Rouge",,1,11271,shp-125-01,1,1,1127
3576070,125,2,"Fort Street-River Rouge",,1,11251,shp-125-01,1,1,1125
327020,125,3,"Fort Street-River Rouge",,1,11201,shp-125-01,1,1,1120
1023020,125,3,"Fort Street-River Rouge",,1,11341,shp-125-01,1,1,1134
6010,125,1,"Fort Street-River Rouge",,1,11291,shp-125-01,1,1,1129
2887010,125,1,"Fort Street-River Rouge",,1,11251,shp-125-01,1,1,1125
3268010,125,1,"Fort Street-River Rouge",,1,11281,shp-125-01,1,1,1128
866070,125,2,"Fort Street-River Rouge",,1,11261,shp-125-01,1,1,1126
1576020,125,3,"Fort Street-River Rouge",,1,11211,shp-125-01,1,1,1121
316020,125,3,"Fort Street-River Rouge",,1,11281,shp-125-01,1,1,1128
2318070,125,2,"Fort Street-River Rouge",,1,11251,shp-125-01,1,1,1125
1253020,125,3,"Fort Street-River Rouge",,1,11311,shp-125-01,1,1,1131
2040020,125,3,"Fort Street-River Rouge",,1,11271,shp-125-01,1,1,1127
3476020,125,3,"Fort Street-River Rouge",,1,11341,shp-125-01,1,1,1134
1282020,125,3,"Fort Street-River Rouge",,1,11261,shp-125-01,1,1,1126
959020,125,3,"Fort Street-River Rouge",,1,11301,shp-125-01,1,1,1130
530020,125,3,"Fort Street-River Rouge",,1,11331,shp-125-01,1,1,1133
1266070,125,2,"Fort Street-River Rouge",,1,11301,shp-125-01,1,1,1130
1828070,125,2,"Fort Street-River Rouge",,1,11251,shp-125-01,1,1,1125
439020,125,3,"Fort Street-River Rouge",,1,11241,shp-125-01,1,1,1124
2692020,125,3,"Fort Street-River Rouge",,1,11341,shp-125-01,1,1,1134
782070,125,2,"Fort Street-River Rouge",,1,11281,shp-125-01,1,1,1128
1649020,125,3,"Fort Street-River Rouge",,1,11261,shp-125-01,1,1,1126
1197020,125,3,"Fort Street-River Rouge",,1,11261,shp-125-01,1,1,1126
2745010,125,1,"Fort Street-River Rouge",,1,11291,shp-125-01,1,1,1129
3313020,125,3,"Fort Street-River Rouge",,1,11231,shp-125-01,1,1,1123
553010,125,1,"Fort Street-River Rouge",,1,11261,shp-125-01,1,1,1126
2835010,125,1,"Fort Street-River Rouge",,1,11261,shp-125-01,1,1,1126
3388020,125,3,"Fort Street-River Rouge",,1,11351,shp-125-01,1,1,1135
3011010,125,1,"Fort Street-River Rouge",,1,11271,shp-125-01,1,1,1127
2855020,125,3,"Fort Street-River Rouge",,1,11241,shp-125-01,1,1,1124
3323020,125,3,"Fort Street-River Rouge",,1,11231,shp-125-01,1,1,1123
223010,125,1,"Fort Street-River Rouge",,1,11291,shp-125-01,1,1,1129
3504010,125,1,"Fort Street-River Rouge",,1,11301,shp-125-01,1,1,1130
3225070,125,2,"Fort Street-River Rouge",,1,11261,shp-125-01,1,1,1126
350070,125,2,"Fort Street-River Rouge",,1,11291,shp-125-01,1,1,1129
238020,125,3,"Fort Street-River Rouge",,1,11351,shp-125-01,1,1,1135
2107010,125,1,"Fort Street-River Rouge",,1,11261,shp-125-01,1,1,1126
1671010,125,1,"Fort Street-River Rouge",,1,11251,shp-125-01,1,1,1125
2623070,125,2,"Fort Street-River Rouge",,1,11271,shp-125-01,1,1,1127
1845070,125,2,"Fort Street-River Rouge",,1,11291,shp-125-01,1,1,1129
700070,125,2,"Fort Street-River Rouge",,1,11301,shp-125-01,1,1,1130
3496020,125,3,"Fort Street-River Rouge",,1,11321,shp-125-01,1,1,1132
1429020,125,3,"Fort Street-River Rouge",,1,11251,shp-125-01,1,1,1125
256010,125,1,"Fort Street-River Rouge",,1,11271,shp-125-01,1,1,1127
1944020,125,3,"Fort Street-River Rouge",,1,11221,shp-125-01,1,1,1122
2630020,125,3,"Fort Street-River Rouge",,1,11251,shp-125-01,1,1,1125
1264010,125,1,"Fort Street-River Rouge",,1,11281,shp-125-01,1,1,1128
3253020,125,3,"Fort Street-River Rouge",,1,11311,shp-125-01,1,1,1131
11020,125,3,"Fort Street-River Rouge",,1,11291,shp-125-01,1,1,1129
3335020,125,3,"Fort Street-River Rouge",,1,11301,shp-125-01,1,1,1130
3563020,125,3,"Fort Street-River Rouge",,1,11321,shp-125-01,1,1,1132
3377070,125,2,"Fort Street-River Rouge",,1,11261,shp-125-01,1,1,1126
3009070,125,2,"Fort Street-River Rouge",,1,11281,shp-125-01,1,1,1128
2487010,125,1,"Fort Street-River Rouge",,1,11301,shp-125-01,1,1,1130
2605020,125,3,"Fort Street-River Rouge",,1,11321,shp-125-01,1,1,1132
1499010,125,1,"Fort Street-River Rouge",,1,11251,shp-125-01,1,1,1125
546020,125,3,"Metro Airport",,0,11351,shp-125-51,1,1,1135
3016070,125,2,"Metro Airport",,0,11301,shp-125-51,1,1,1130
2546020,125,3,"Metro Airport",,0,11331,shp-125-51,1,1,1133
2540010,125,1,"Metro Airport",,0,11251,shp-125-51,1,1,1125
3566010,125,1,"Metro Airport",,0,11281,shp-125-51,1,1,1128
2341020,125,3,"Metro Airport",,0,11281,shp-125-51,1,1,1128
2640070,125,2,"Metro Airport",,0,11281,shp-125-51,1,1,1128
2581010,125,1,"Metro Airport",,0,11261,shp-125-51,1,1,1126
3074070,125,2,"Metro Airport",,0,11301,shp-125-51,1,1,1130
2149020,125,3,"Metro Airport",,0,11321,shp-125-51,1,1,1132
1262010,125,1,"Metro Airport",,0,11301,shp-125-51,1,1,1130
67070,125,2,"Metro Airport",,0,11261,shp-125-51,1,1,1126
2198020,125,3,"Metro Airport",,0,11221,shp-125-51,1,1,1122
539020,125,3,"Metro Airport",,0,11261,shp-125-51,1,1,1126
531020,125,3,"Metro Airport",,0,11231,shp-125-51,1,1,1123
2896070,125,2,"Metro Airport",,0,11271,shp-125-51,1,1,1127
1434010,125,1,"Metro Airport",,0,11251,shp-125-51,1,1,1125
1118010,125,1,"Metro Airport",,0,11261,shp-125-51,1,1,1126
3232020,125,3,"Metro Airport",,0,11311,shp-125-51,1,1,1131
3185070,125,2,"Metro Airport",,0,11301,shp-125-51,1,1,1130
2666020,125,3,"Metro Airport",,0,11261,shp-125-51,1,1,1126
1078010,125,1,"Metro Airport",,0,11291,shp-125-51,1,1,1129
2130020,125,3,"Metro Airport",,0,11321,shp-125-51,1,1,1132
2589020,125,3,"Metro Airport",,0,11261,shp-125-51,1,1,1126
632010,125,1,"Metro Airport",,0,11271,shp-125-51,1,1,1127
3022070,125,2,"Metro Airport",,0,11291,shp-125-51,1,1,1129
3562020,125,3,"Metro Airport",,0,11271,shp-125-51,1,1,1127
1323020,125,3,"Metro Airport",,0,11251,shp-125-51,1,1,1125
1722010,125,1,"Metro Airport",,0,11271,shp-125-51,1,1,1127
1049070,125,2,"Metro Airport",,0,11281,shp-125-51,1,1,1128
4070,125,2,"Metro Airport",,0,11251,shp-125-51,1,1,1125
1073020,125,3,"Metro Airport",,0,11241,shp-125-51,1,1,1124
683020,125,3,"Metro Airport",,0,11331,shp-125-51,1,1,1133
852070,125,2,"Metro Airport",,0,11251,shp-125-51,1,1,1125
2323010,125,1,"Metro Airport",,0,11281,shp-125-51,1,1,1128
1238020,125,3,"Metro Airport",,0,11241,shp-125-51,1,1,1124
2116020,125,3,"Metro Airport",,0,11231,shp-125-51,1,1,1123
2342070,125,2,"Metro Airport",,0,11271,shp-125-51,1,1,1127
822020,125,3,"Metro Airport",,0,11341,shp-125-51,1,1,1134
591010,125,1,"Metro Airport",,0,11281,shp-125-51,1,1,1128
2273070,125,2,"Metro Airport",,0,11261,shp-125-51,1,1,1126
139020,125,3,"Metro Airport",,0,11281,shp-125-51,1,1,1128
1206020,125,3,"Metro Airport",,0,11251,shp-125-51,1,1,1125
1355020,125,3,"Metro Airport",,0,11211,shp-125-51,1,1,1121
2801010,125,1,"Metro Airport",,0,11301,shp-125-51,1,1,1130
2991070,125,2,"Metro Airport",,0,11261,shp-125-51,1,1,1126
1237070,125,2,"Metro Airport",,0,11281,shp-125-51,1,1,1128
3233020,125,3,"Metro Airport",,0,11341,shp-125-51,1,1,1134
2547020,125,3,"Metro Airport",,0,11201,shp-125-51,1,1,1120
1875070,125,2,"Metro Airport",,0,11251,shp-125-51,1,1,1125
1420020,125,3,"Metro Airport",,0,11351,shp-125-51,1,1,1135
2891010,125,1,"Metro Airport",,0,11301,shp-125-51,1,1,1130
1062070,125,2,"Metro Airport",,0,11291,shp-125-51,1,1,1129
2936020,125,3,"Metro Airport",,0,11251,shp-125-51,1,1,1125
2183010,125,1,"Metro Airport",,0,11251,shp-125-51,1,1,1125
2019070,125,2,"Metro Airport",,0,11271,shp-125-51,1,1,1127
2596020,125,3,"Metro Airport",,0,11321,shp-125-51,1,1,1132
1656020,125,3,"Metro Airport",,0,11311,shp-125-51,1,1,1131
877020,125,3,"Metro Airport",,0,11241,shp-125-51,1,1,1124
1927020,125,3,"Metro Airport",,0,11301,shp-125-51,1,1,1130
1056020,125,3,"Metro Airport",,0,11291,shp-125-51,1,1,1129
752020,125,3,"Metro Airport",,0,11231,shp-125-51,1,1,1123
465070,125,2,"Metro Airport",,0,11291,shp-125-51,1,1,1129
1426020,125,3,"Metro Airport",,0,11271,shp-125-51,1,1,1127
491020,125,3,"Metro Airport",,0,11211,shp-125-51,1,1,1121
392020,125,3,"Metro Airport",,0,11291,shp-125-51,1,1,1129
999020,125,3,"Metro Airport",,0,11301,shp-125-51,1,1,1130
2762020,125,3,"Metro Airport",,0,11311,shp-125-51,1,1,1131
945010,125,1,"Metro Airport",,0,11291,shp-125-51,1,1,1129
767010,125,1,"Metro Airport",,0,11271,shp-125-51,1,1,1127
1904020,140,3,"Dearborn Transit Center",,1,11461,shp-140-02,1,1,1146
1114020,140,3,"Dearborn Transit Center",,1,11411,shp-140-02,1,1,1141
2314020,140,3,"Dearborn Transit Center",,1,11451,shp-140-02,1,1,1145
1734020,140,3,"Dearborn Transit Center",,1,11401,shp-140-02,1,1,1140
2738020,140,3,"Dearborn Transit Center",,1,11471,shp-140-02,1,1,1147
2347020,140,3,"Dearborn Transit Center",,1,11441,shp-140-02,1,1,1144
2454020,140,3,"Dearborn Transit Center",,1,11431,shp-140-02,1,1,1143
2269020,140,3,"Dearborn Transit Center",,1,11431,shp-140-02,1,1,1143
547020,140,3,"Dearborn Transit Center",,1,11481,shp-140-02,1,1,1148
1341020,140,3,"Dearborn Transit Center",,1,11461,shp-140-02,1,1,1146
186020,140,3,"Dearborn Transit Center",,1,11421,shp-140-02,1,1,1142
494020,140,3,"Dearborn Transit Center",,1,11481,shp-140-02,1,1,1148
280020,140,3,"Dearborn Transit Center",,1,11411,shp-140-02,1,1,1141
2875020,140,3,"Dearborn Transit Center",,1,11401,shp-140-02,1,1,1140
815020,140,3,"Dearborn Transit Center",,1,11451,shp-140-02,1,1,1145
1292020,140,3,"Dearborn Transit Center",,1,11421,shp-140-02,1,1,1142
2356020,140,3,"Dearborn Transit Center",,1,11471,shp-140-02,1,1,1147
469020,140,3,"Southgate Meijer",,0,11421,shp-140-55,1,1,1142
1240020,140,3,"Southgate Meijer",,0,11471,shp-140-55,1,1,1147
2595020,140,3,"Southgate Meijer",,0,11421,shp-140-55,1,1,1142
295020,140,3,"Southgate Meijer",,0,11471,shp-140-55,1,1,1147
1320020,140,3,"Southgate Meijer",,0,11431,shp-140-55,1,1,1143
1602020,140,3,"Southgate Meijer",,0,11401,shp-140-55,1,1,1140
968020,140,3,"Southgate Meijer",,0,11451,shp-140-55,1,1,1145
2409020,140,3,"Southgate Meijer",,0,11431,shp-140-55,1,1,1143
3339020,140,3,"Southgate Meijer",,0,11481,shp-140-55,1,1,1148
2776020,140,3,"Southgate Meijer",,0,11481,shp-140-55,1,1,1148
2404020,140,3,"Southgate Meijer",,0,11401,shp-140-55,1,1,1140
1178020,140,3,"Southgate Meijer",,0,11411,shp-140-55,1,1,1141
756020,140,3,"Southgate Meijer",,0,11411,shp-140-55,1,1,1141
2056020,140,3,"Southgate Meijer",,0,11461,shp-140-55,1,1,1146
1913020,140,3,"Southgate Meijer",,0,11451,shp-140-55,1,1,1145
3087020,160,3,"Dearborn Transit Center",,1,11621,shp-160-04,1,1,1162
1111020,160,3,"Dearborn Transit Center",,1,11601,shp-160-04,1,1,1160
2521020,160,3,"Dearborn Transit Center",,1,11611,shp-160-04,1,1,1161
1560020,160,3,"Dearborn Transit Center",,1,11641,shp-160-04,1,1,1164
3300070,160,2,"Dearborn Transit Center",,1,11621,shp-160-04,1,1,1162
1224020,160,3,"Dearborn Transit Center",,1,11651,shp-160-04,1,1,1165
2411070,160,2,"Dearborn Transit Center",,1,11621,shp-160-04,1,1,1162
565020,160,3,"Dearborn Transit Center",,1,11631,shp-160-04,1,1,1163
983020,160,3,"Dearborn Transit Center",,1,11651,shp-160-04,1,1,1165
2850020,160,3,"Dearborn Transit Center",,1,11611,shp-160-04,1,1,1161
2209020,160,3,"Dearborn Transit Center",,1,11631,shp-160-04,1,1,1163
527070,160,2,"Dearborn Transit Center",,1,11601,shp-160-04,1,1,1160
441020,160,3,"Dearborn Transit Center",,1,11651,shp-160-04,1,1,1165
1888070,160,2,"Dearborn Transit Center",,1,11611,shp-160-04,1,1,1161
652070,160,2,"Dearborn Transit Center",,1,11611,shp-160-04,1,1,1161
2908070,160,2,"Dearborn Transit Center",,1,11601,shp-160-04,1,1,1160
3007020,160,3,"Dearborn Transit Center",,1,11641,shp-160-04,1,1,1164
3514070,160,2,"Dearborn Transit Center",,1,11611,shp-160-04,1,1,1161
2513070,160,2,"Dearborn Transit Center",,1,11621,shp-160-04,1,1,1162
433020,160,3,"Dearborn Transit Center",,1,11631,shp-160-04,1,1,1163
2468020,160,3,"Dearborn Transit Center",,1,11621,shp-160-04,1,1,1162
3303070,160,2,"Dearborn Transit Center",,1,11601,shp-160-04,1,1,1160
976020,160,3,"Dearborn Transit Center",,1,11611,shp-160-04,1,1,1161
802020,160,3,"Dearborn Transit Center",,1,11601,shp-160-04,1,1,1160
31020,160,3,"Trenton",,0,11631,shp-160-54,1,1,1163
3249020,160,3,"Trenton",,0,11621,shp-160-54,1,1,1162
3187020,160,3,"Trenton",,0,11641,shp-160-54,1,1,1164
1070,160,2,"Trenton",,0,11621,shp-160-54,1,1,1162
209070,160,2,"Trenton",,0,11601,shp-160-54,1,1,1160
1520020,160,3,"Trenton",,0,11601,shp-160-54,1,1,1160
1024070,160,2,"Trenton",,0,11621,shp-160-54,1,1,1162
2886020,160,3,"Trenton",,0,11651,shp-160-54,1,1,1165
2214070,160,2,"Trenton",,0,11601,shp-160-54,1,1,1160
1802020,160,3,"Trenton",,0,11611,shp-160-54,1,1,1161
3205070,160,2,"Trenton",,0,11611,shp-160-54,1,1,1161
3427020,160,3,"Trenton",,0,11621,shp-160-54,1,1,1162
2517070,160,2,"Trenton",,0,11621,shp-160-54,1,1,1162
2235020,160,3,"Trenton",,0,11631,shp-160-54,1,1,1163
1702020,160,3,"Trenton",,0,11641,shp-160-54,1,1,1164
473020,160,3,"Trenton",,0,11601,shp-160-54,1,1,1160
3209020,160,3,"Trenton",,0,11601,shp-160-54,1,1,1160
357070,160,2,"Trenton",,0,11601,shp-160-54,1,1,1160
1905020,160,3,"Trenton",,0,11621,shp-160-54,1,1,1162
2325070,160,2,"Trenton",,0,11611,shp-160-54,1,1,1161
2821070,160,2,"Trenton",,0,11611,shp-160-54,1,1,1161
2290020,160,3,"Trenton",,0,11651,shp-160-54,1,1,1165
1305020,160,3,"Trenton",,0,11641,shp-160-54,1,1,1164
2433020,160,3,"Trenton",,0,11611,shp-160-54,1,1,1161
768070,200,2,"Fairlane",,1,12011,shp-200-56,1,1,1201
1799010,200,1,"Fairlane",,1,12031,shp-200-56,1,1,1203
444010,200,1,"Fairlane",,1,12001,shp-200-56,1,1,1200
1394020,200,3,"Fairlane",,1,12011,shp-200-56,1,1,1201
918020,200,3,"Fairlane",,1,12001,shp-200-56,1,1,1200
3387070,200,2,"Fairlane",,1,12011,shp-200-56,1,1,1201
1511070,200,2,"Fairlane",,1,12031,shp-200-56,1,1,1203
728020,200,3,"Fairlane",,1,12051,shp-200-56,1,1,1205
3243020,200,3,"Fairlane",,1,12051,shp-200-56,1,1,1205
1422070,200,2,"Fairlane",,1,12031,shp-200-56,1,1,1203
3235010,200,1,"Fairlane",,1,12001,shp-200-56,1,1,1200
746070,200,2,"Fairlane",,1,12031,shp-200-56,1,1,1203
1666070,200,2,"Fairlane",,1,12011,shp-200-56,1,1,1201
2018020,200,3,"Fairlane",,1,12021,shp-200-56,1,1,1202
2818020,200,3,"Fairlane",,1,12011,shp-200-56,1,1,1201
2233010,200,1,"Fairlane",,1,12001,shp-200-56,1,1,1200
2578010,200,1,"Fairlane",,1,12031,shp-200-56,1,1,1203
2087020,200,3,"Fairlane",,1,12001,shp-200-56,1,1,1200
2962020,200,3,"Fairlane",,1,12021,shp-200-56,1,1,1202
2299020,200,3,"Fairlane",,1,12061,shp-200-56,1,1,1206
1251020,200,3,"Fairlane",,1,12061,shp-200-56,1,1,1206
2586070,200,2,"Fairlane",,1,12031,shp-200-56,1,1,1203
1694010,200,1,"Fairlane",,1,12031,shp-200-56,1,1,1203
488020,200,3,"Fairlane",,1,12071,shp-200-56,1,1,1207
2042070,200,2,"Fairlane",,1,12011,shp-200-56,1,1,1201
3381010,200,1,"Fairlane",,1,12031,shp-200-56,1,1,1203
199010,200,1,"Fairlane",,1,12001,shp-200-56,1,1,1200
190070,200,2,"Fairlane",,1,12011,shp-200-56,1,1,1201
289020,200,3,"Fairlane",,1,12071,shp-200-56,1,1,1207
2440010,200,1,"Fairlane",,1,12001,shp-200-56,1,1,1200
738070,200,2,"John Hix",,0,12011,shp-200-03,1,1,1201
910070,200,2,"John Hix",,0,12031,shp-200-03,1,1,1203
795070,200,2,"John Hix",,0,12011,shp-200-03,1,1,1201
1647070,200,2,"John Hix",,0,12031,shp-200-03,1,1,1203
2370070,200,2,"John Hix",,0,12011,shp-200-03,1,1,1201
899020,200,3,"John Hix",,0,12011,shp-200-13,1,1,1201
3210010,200,1,"John Hix",,0,12031,shp-200-03,1,1,1203
3447010,200,1,"John Hix",,0,12031,shp-200-03,1,1,1203
1707010,200,1,"John Hix",,0,12001,shp-200-13,1,1,1200
3154070,200,2,"John Hix",,0,12031,shp-200-03,1,1,1203
3463070,200,2,"John Hix",,0,12011,shp-200-03,1,1,1201
2329020,200,3,"John Hix",,0,12001,shp-200-03,1,1,1200
3223020,200,3,"John Hix",,0,12021,shp-200-03,1,1,1202
167070,200,2,"John Hix",,0,12011,shp-200-13,1,1,1201
2023020,200,3,"John Hix",,0,12061,shp-200-03,1,1,1206
1400070,200,2,"John Hix",,0,12031,shp-200-03,1,1,1203
810020,200,3,"John Hix",,0,12051,shp-200-03,1,1,1205
1030020,200,3,"John Hix",,0,12051,shp-200-03,1,1,1205
35020,200,3,"John Hix",,0,12001,shp-200-03,1,1,1200
2902010,200,1,"John Hix",,0,12031,shp-200-03,1,1,1203
1297020,200,3,"John Hix",,0,12021,shp-200-03,1,1,1202
334020,200,3,"John Hix",,0,12071,shp-200-03,1,1,1207
2689010,200,1,"John Hix",,0,12031,shp-200-03,1,1,1203
2769020,200,3,"John Hix",,0,12031,shp-200-03,1,1,1203
2230020,200,3,"John Hix",,0,12071,shp-200-03,1,1,1207
2717010,200,1,"John Hix",,0,12031,shp-200-03,1,1,1203
2498010,200,1,"John Hix",,0,12001,shp-200-03,1,1,1200
1925020,200,3,"John Hix",,0,12061,shp-200-03,1,1,1206
1155010,200,1,"John Hix",,0,12001,shp-200-03,1,1,1200
3069010,200,1,"John Hix",,0,12001,shp-200-03,1,1,1200
1014010,200,1,"John Hix",,0,12001,shp-200-03,1,1,1200
1848020,200,3,"John Hix",,0,12011,shp-200-03,1,1,1201
1038070,200,2,"John Hix",,0,12031,shp-200-03,1,1,1203
2070,210,2,"Fairlane",,1,12001,shp-210-01,1,1,1200
3538020,210,3,"Fairlane",,1,12071,shp-210-01,1,1,1207
470020,210,3,"Fairlane",,1,12001,shp-210-01,1,1,1200
1191020,210,3,"Fairlane",,1,12021,shp-210-01,1,1,1202
3389070,210,2,"Fairlane",,1,11981,shp-210-01,1,1,1198
3125010,210,1,"Fairlane",,1,12011,shp-210-01,1,1,1201
1863020,210,3,"Fairlane",,1,12061,shp-210-01,1,1,1206
480070,210,2,"Fairlane",,1,12001,shp-210-01,1,1,1200
1142070,210,2,"Fairlane",,1,12001,shp-210-01,1,1,1200
3286020,210,3,"Fairlane",,1,12001,shp-210-01,1,1,1200
1005020,210,3,"Fairlane",,1,12071,shp-210-01,1,1,1207
360020,210,3,"Fairlane",,1,12021,shp-210-01,1,1,1202
618070,210,2,"Fairlane",,1,12021,shp-210-01,1,1,1202
173010,210,1,"Fairlane",,1,12011,shp-210-01,1,1,1201
2136020,210,3,"Fairlane",,1,12051,shp-210-01,1,1,1205
2691020,210,3,"Fairlane",,1,12051,shp-210-01,1,1,1205
1857010,210,1,"Fairlane",,1,12011,shp-210-01,1,1,1201
3350070,210,2,"Fairlane",,1,12021,shp-210-01,1,1,1202
2949070,210,2,"Fairlane",,1,12021,shp-210-01,1,1,1202
2064020,210,3,"Fairlane",,1,12011,shp-210-01,1,1,1201
2249020,210,3,"Fairlane",,1,12011,shp-210-01,1,1,1201
2805070,210,2,"Fairlane",,1,12001,shp-210-01,1,1,1200
3460010,210,1,"Fairlane",,1,12021,shp-210-01,1,1,1202
1856070,210,2,"Fairlane",,1,11991,shp-210-01,1,1,1199
1549010,210,1,"Fairlane",,1,12021,shp-210-01,1,1,1202
446020,210,3,"Fairlane",,1,12031,shp-210-01,1,1,1203
2297010,210,1,"Fairlane",,1,12021,shp-210-01,1,1,1202
1130010,210,1,"Fairlane",,1,12011,shp-210-01,1,1,1201
404010,210,1,"Fairlane",,1,12021,shp-210-01,1,1,1202
665010,210,1,"Fairlane",,1,12011,shp-210-01,1,1,1201
908020,210,3,"Fairlane",,1,12021,shp-210-01,1,1,1202
644020,210,3,"Schaefer",,1,12051,shp-210-02,1,1,1205
1754020,210,3,"Schaefer",,1,12071,shp-210-02,1,1,1207
1921070,210,2,"Schaefer",,1,12021,shp-210-02,1,1,1202
2359020,210,3,"Westland",,0,12061,shp-210-51,1,1,1206
1632070,210,2,"Westland",,0,11981,shp-210-51,1,1,1198
2366020,210,3,"Westland",,0,12051,shp-210-51,1,1,1205
1833020,210,3,"Westland",,0,12001,shp-210-51,1,1,1200
2309020,210,3,"Westland",,0,12021,shp-210-51,1,1,1202
982070,210,2,"Westland",,0,12001,shp-210-51,1,1,1200
1733010,210,1,"Westland",,0,12011,shp-210-51,1,1,1201
1082070,210,2,"Westland",,0,11981,shp-210-52,1,1,1198
2114010,210,1,"Westland",,0,12021,shp-210-51,1,1,1202
3040010,210,1,"Westland",,0,12021,shp-210-51,1,1,1202
2143020,210,3,"Westland",,0,12011,shp-210-51,1,1,1201
1780070,210,2,"Westland",,0,12021,shp-210-51,1,1,1202
1119010,210,1,"Westland",,0,12021,shp-210-51,1,1,1202
3151020,210,3,"Westland",,0,12041,shp-210-51,1,1,1204
1768010,210,1,"Westland",,0,12021,shp-210-51,1,1,1202
3180020,210,3,"Westland",,0,12071,shp-210-51,1,1,1207
1945020,210,3,"Westland",,0,12051,shp-210-51,1,1,1205
721010,210,1,"Westland",,0,12021,shp-210-51,1,1,1202
179020,210,3,"Westland",,0,12061,shp-210-51,1,1,1206
576070,210,2,"Westland",,0,11991,shp-210-51,1,1,1199
1793070,210,2,"Westland",,0,12021,shp-210-51,1,1,1202
3352070,210,2,"Westland",,0,11991,shp-210-51,1,1,1199
2851070,210,2,"Westland",,0,12021,shp-210-51,1,1,1202
3076010,210,1,"Westland",,0,12011,shp-210-51,1,1,1201
1459020,210,3,"Westland",,0,12021,shp-210-51,1,1,1202
2987070,210,2,"Westland",,0,12001,shp-210-51,1,1,1200
2974020,210,3,"Westland",,0,12001,shp-210-52,1,1,1200
2761020,210,3,"Westland",,0,12011,shp-210-51,1,1,1201
3217010,210,1,"Westland",,0,12011,shp-210-51,1,1,1201
775020,210,3,"Westland",,0,12001,shp-210-51,1,1,1200
2057020,210,3,"Westland",,0,12071,shp-210-51,1,1,1207
2025070,210,2,"Westland",,0,12001,shp-210-51,1,1,1200
1938010,210,1,"Westland",,0,12011,shp-210-51,1,1,1201
1920070,250,2,"Dearborn Transit Center",,1,12501,shp-250-04,1,1,1250
2345020,250,3,"Dearborn Transit Center",,1,12531,shp-250-04,1,1,1253
1373070,250,2,"Dearborn Transit Center",,1,12531,shp-250-04,1,1,1253
2246020,250,3,"Dearborn Transit Center",,1,12511,shp-250-04,1,1,1251
2339020,250,3,"Dearborn Transit Center",,1,12531,shp-250-04,1,1,1253
1000070,250,2,"Dearborn Transit Center",,1,12511,shp-250-04,1,1,1251
2167070,250,2,"Dearborn Transit Center",,1,12501,shp-250-04,1,1,1250
3163070,250,2,"Dearborn Transit Center",,1,12511,shp-250-04,1,1,1251
1989020,250,3,"Dearborn Transit Center",,1,11401,shp-250-04,1,1,1140
2751020,250,3,"Dearborn Transit Center",,1,12521,shp-250-04,1,1,1252
1101020,250,3,"Dearborn Transit Center",,1,12501,shp-250-04,1,1,1250
3255020,250,3,"Dearborn Transit Center",,1,11451,shp-250-04,1,1,1145
1681020,250,3,"Dearborn Transit Center",,1,11471,shp-250-04,1,1,1147
1580020,250,3,"Dearborn Transit Center",,1,11421,shp-250-04,1,1,1142
512070,250,2,"Dearborn Transit Center",,1,12511,shp-250-04,1,1,1251
2878020,250,3,"Dearborn Transit Center",,1,11401,shp-250-04,1,1,1140
2729020,250,3,"Dearborn Transit Center",,1,11471,shp-250-04,1,1,1147
2836020,250,3,"Dearborn Transit Center",,1,12511,shp-250-04,1,1,1251
344070,250,2,"Dearborn Transit Center",,1,12531,shp-250-04,1,1,1253
1903020,250,3,"Dearborn Transit Center",,1,12521,shp-250-04,1,1,1252
2069070,250,2,"Dearborn Transit Center",,1,12521,shp-250-04,1,1,1252
1710020,250,3,"Dearborn Transit Center",,1,11481,shp-250-04,1,1,1148
640070,250,2,"Dearborn Transit Center",,1,12531,shp-250-04,1,1,1253
1709070,250,2,"Dearborn Transit Center",,1,12511,shp-250-04,1,1,1251
2943070,250,2,"Dearborn Transit Center",,1,12521,shp-250-04,1,1,1252
1984020,250,3,"Dearborn Transit Center",,1,11411,shp-250-04,1,1,1141
1268070,250,2,"Dearborn Transit Center",,1,12521,shp-250-04,1,1,1252
582020,250,3,"Dearborn Transit Center",,1,11461,shp-250-04,1,1,1146
169020,250,3,"Dearborn Transit Center",,1,12501,shp-250-04,1,1,1250
528020,250,3,"Dearborn Transit Center",,1,12511,shp-250-04,1,1,1251
2374020,250,3,"Dearborn Transit Center",,1,11421,shp-250-04,1,1,1142
1829070,250,2,"Dearborn Transit Center",,1,12501,shp-250-04,1,1,1250
870070,250,2,"Dearborn Transit Center",,1,12501,shp-250-04,1,1,1250
2237020,250,3,"Dearborn Transit Center",,1,12531,shp-250-04,1,1,1253
2093020,250,3,"Dearborn Transit Center",,1,12501,shp-250-04,1,1,1250
2518020,250,3,"Dearborn Transit Center",,1,12501,shp-250-04,1,1,1250
163020,250,3,"Dearborn Transit Center",,1,12531,shp-250-04,1,1,1253
2395020,250,3,"Dearborn Transit Center",,1,11481,shp-250-04,1,1,1148
2181020,250,3,"Dearborn Transit Center",,1,11481,shp-250-04,1,1,1148
1004020,250,3,"Dearborn Transit Center",,1,11431,shp-250-04,1,1,1143
1569020,250,3,"Dearborn Transit Center",,1,11451,shp-250-04,1,1,1145
3318020,250,3,"Dearborn Transit Center",,1,12521,shp-250-04,1,1,1252
2168020,250,3,"Dearborn Transit Center",,1,11461,shp-250-04,1,1,1146
3487020,250,3,"Dearborn Transit Center",,1,11411,shp-250-04,1,1,1141
663070,250,2,"Dearborn Transit Center",,1,12521,shp-250-04,1,1,1252
1207020,250,3,"Dearborn Transit Center",,1,12521,shp-250-04,1,1,1252
1105020,250,3,"Dearborn Transit Center",,1,12521,shp-250-04,1,1,1252
3023070,250,2,"Dearborn Transit Center",,1,12521,shp-250-04,1,1,1252
1620020,250,3,"Dearborn Transit Center",,1,11431,shp-250-04,1,1,1143
1221020,250,3,"Dearborn Transit Center",,1,12511,shp-250-04,1,1,1251
1773070,250,2,"Dearborn Transit Center",,1,12531,shp-250-04,1,1,1253
2435020,250,3,"Westland",,0,11431,shp-250-53,1,1,1143
2493020,250,3,"Westland",,0,12531,shp-250-53,1,1,1253
98020,250,3,"Westland",,0,11411,shp-250-53,1,1,1141
2212070,250,2,"Westland",,0,12531,shp-250-53,1,1,1253
2787020,250,3,"Westland",,0,11451,shp-250-53,1,1,1145
2749020,250,3,"Westland",,0,11411,shp-250-53,1,1,1141
2490070,250,2,"Westland",,0,12521,shp-250-53,1,1,1252
1353020,250,3,"Westland",,0,12521,shp-250-53,1,1,1252
145070,250,2,"Westland",,0,12511,shp-250-53,1,1,1251
2239020,250,3,"Westland",,0,12521,shp-250-53,1,1,1252
3247020,250,3,"Westland",,0,12521,shp-250-53,1,1,1252
1838020,250,3,"Westland",,0,12511,shp-250-53,1,1,1251
1145070,250,2,"Westland",,0,12501,shp-250-53,1,1,1250
3252070,250,2,"Westland",,0,12531,shp-250-53,1,1,1253
112070,250,2,"Westland",,0,12521,shp-250-53,1,1,1252
495020,250,3,"Westland",,0,11421,shp-250-53,1,1,1142
2856020,250,3,"Westland",,0,11461,shp-250-53,1,1,1146
1701070,250,2,"Westland",,0,12501,shp-250-53,1,1,1250
1089020,250,3,"Westland",,0,11451,shp-250-53,1,1,1145
3502020,250,3,"Westland",,0,12511,shp-250-53,1,1,1251
1708020,250,3,"Westland",,0,11431,shp-250-53,1,1,1143
2367070,250,2,"Westland",,0,12511,shp-250-53,1,1,1251
1209070,250,2,"Westland",,0,12531,shp-250-53,1,1,1253
3369020,250,3,"Westland",,0,11401,shp-250-53,1,1,1140
623020,250,3,"Westland",,0,11421,shp-250-53,1,1,1142
3058020,250,3,"Westland",,0,12501,shp-250-53,1,1,1250
2202020,250,3,"Westland",,0,11481,shp-250-53,1,1,1148
3107020,250,3,"Westland",,0,12521,shp-250-53,1,1,1252
3032020,250,3,"Westland",,0,12521,shp-250-53,1,1,1252
3379020,250,3,"Westland",,0,12531,shp-250-53,1,1,1253
1213020,250,3,"Westland",,0,11421,shp-250-53,1,1,1142
3275020,250,3,"Westland",,0,11401,shp-250-53,1,1,1140
142020,250,3,"Westland",,0,12501,shp-250-53,1,1,1250
2940020,250,3,"Westland",,0,11471,shp-250-53,1,1,1147
522070,250,2,"Westland",,0,12521,shp-250-53,1,1,1252
774020,250,3,"Westland",,0,12531,shp-250-53,1,1,1253
3456020,250,3,"Westland",,0,12531,shp-250-53,1,1,1253
2881020,250,3,"Westland",,0,11471,shp-250-53,1,1,1147
259020,250,3,"Westland",,0,12511,shp-250-53,1,1,1251
162020,250,3,"Westland",,0,11481,shp-250-53,1,1,1148
2225070,250,2,"Westland",,0,12501,shp-250-53,1,1,1250
2972020,250,3,"Westland",,0,12501,shp-250-53,1,1,1250
2941020,250,3,"Westland",,0,12501,shp-250-53,1,1,1250
2447070,250,2,"Westland",,0,12511,shp-250-53,1,1,1251
643070,250,2,"Westland",,0,12511,shp-250-53,1,1,1251
2335020,250,3,"Westland",,0,11461,shp-250-53,1,1,1146
2286070,250,2,"Westland",,0,12531,shp-250-53,1,1,1253
2604070,250,2,"Westland",,0,12531,shp-250-53,1,1,1253
2327070,250,2,"Westland",,0,12521,shp-250-53,1,1,1252
2628070,250,2,"Westland",,0,12501,shp-250-53,1,1,1250
258020,255,3,"Detroit",,1,18031,shp-255-51,1,1,1803
3283020,255,3,"Detroit",,1,11271,shp-255-51,1,1,1127
1027020,255,3,"Westland",,0,11331,shp-255-02,1,1,1133
3558020,255,3,"Westland",,0,12041,shp-255-02,1,1,1204
2369010,261,1,"Detroit via Vining",,1,11263261,shp-261-52,1,1,11263
1801070,261,2,"Detroit via Vining",,1,11264261,shp-261-52,1,1,11264
1683070,261,2,"Detroit via Vining",,1,11262261,shp-261-52,1,1,11262
2522070,261,2,"Detroit via Vining",,1,11265261,shp-261-52,1,1,11265
1406010,261,1,"Detroit via Vining",,1,11265261,shp-261-52,1,1,11265
2048020,261,3,"Detroit via Vining",,1,11264261,shp-261-52,1,1,11264
736010,261,1,"Detroit via Vining",,1,11262261,shp-261-52,1,1,11262
126070,261,2,"Detroit via Vining",,1,11264261,shp-261-52,1,1,11264
2665070,261,2,"Detroit via Vining",,1,11261261,shp-261-52,1,1,11261
2432020,261,3,"Detroit via Vining",,1,11266261,shp-261-52,1,1,11266
846010,261,1,"Detroit via Vining",,1,11266261,shp-261-52,1,1,11266
3455020,261,3,"Detroit via Vining",,1,11265261,shp-261-52,1,1,11265
1418070,261,2,"Detroit via Vining",,1,11261261,shp-261-52,1,1,11261
2948020,261,3,"Detroit via Vining",,1,11271261,shp-261-52,1,1,11271
2807020,261,3,"Detroit via Vining",,1,11262261,shp-261-52,1,1,11262
3191020,261,3,"Detroit via Vining",,1,11261261,shp-261-52,1,1,11261
3127020,261,3,"Detroit via Vining",,1,11265261,shp-261-52,1,1,11265
3246070,261,2,"Detroit via Vining",,1,11263261,shp-261-52,1,1,11263
59010,261,1,"Detroit via Vining",,1,11261261,shp-261-52,1,1,11261
2834020,261,3,"Detroit via Vining",,1,11263261,shp-261-52,1,1,11263
2401070,261,2,"Detroit",,1,11261261,shp-261-51,1,1,11261
3147010,261,1,"Detroit",,1,11263261,shp-261-51,1,1,11263
3108020,261,3,"Detroit",,1,11262261,shp-261-51,1,1,11262
3346020,261,3,"Detroit",,1,11270261,shp-261-51,1,1,11270
524020,261,3,"Detroit",,1,11266261,shp-261-51,1,1,11266
2599020,261,3,"Detroit",,1,11261261,shp-261-51,1,1,11261
2308070,261,2,"Detroit",,1,11264261,shp-261-51,1,1,11264
2608070,261,2,"Detroit",,1,11263261,shp-261-51,1,1,11263
1342020,261,3,"Detroit",,1,11264261,shp-261-51,1,1,11264
2009020,261,3,"Detroit",,1,11266261,shp-261-51,1,1,11266
3458070,261,2,"Detroit",,1,11262261,shp-261-51,1,1,11262
2489020,261,3,"Detroit",,1,11261261,shp-261-51,1,1,11261
2975070,261,2,"Detroit",,1,11263261,shp-261-51,1,1,11263
1040010,261,1,"Detroit",,1,11261261,shp-261-51,1,1,11261
1986010,261,1,"Detroit",,1,11264261,shp-261-51,1,1,11264
1581020,261,3,"Detroit",,1,11262261,shp-261-51,1,1,11262
1774010,261,1,"Detroit",,1,11261261,shp-261-51,1,1,11261
1678070,261,2,"Detroit",,1,11264261,shp-261-51,1,1,11264
3484020,261,3,"Detroit",,1,11267261,shp-261-51,1,1,11267
229020,261,3,"Detroit",,1,11268261,shp-261-51,1,1,11268
403010,261,1,"Detroit",,1,11262261,shp-261-51,1,1,11262
770010,261,1,"Detroit",,1,11263261,shp-261-51,1,1,11263
311070,261,2,"Detroit",,1,11261261,shp-261-51,1,1,11261
3355070,261,2,"Detroit",,1,11264261,shp-261-51,1,1,11264
2013020,261,3,"Detroit",,1,11264261,shp-261-51,1,1,11264
851020,261,3,"Detroit",,1,11271261,shp-261-51,1,1,11271
1260010,261,1,"Detroit",,1,11263261,shp-261-51,1,1,11263
820020,261,3,"Detroit",,1,11266261,shp-261-51,1,1,11266
2271020,261,3,"Detroit",,1,11262261,shp-261-51,1,1,11262
1444070,261,2,"Detroit",,1,11261261,shp-261-51,1,1,11261
315020,261,3,"Detroit",,1,11262261,shp-261-51,1,1,11262
3261010,261,1,"Detroit",,1,11266261,shp-261-51,1,1,11266
1455020,261,3,"Detroit",,1,11269261,shp-261-51,1,1,11269
2311070,261,2,"Detroit",,1,11265261,shp-261-51,1,1,11265
2829020,261,3,"Detroit",,1,11261261,shp-261-51,1,1,11261
1660020,261,3,"Detroit",,1,11268261,shp-261-51,1,1,11268
2184020,261,3,"Detroit",,1,11270261,shp-261-51,1,1,11270
2444020,261,3,"Detroit",,1,11267261,shp-261-51,1,1,11267
2643070,261,2,"Detroit",,1,11263261,shp-261-51,1,1,11263
1822020,261,3,"Detroit",,1,11265261,shp-261-51,1,1,11265
1236010,261,1,"Detroit",,1,11265261,shp-261-51,1,1,11265
389020,261,3,"Detroit",,1,11265261,shp-261-51,1,1,11265
1746070,261,2,"Detroit",,1,11263261,shp-261-51,1,1,11263
1482020,261,3,"Detroit",,1,11262261,shp-261-51,1,1,11262
2786070,261,2,"Detroit",,1,11264261,shp-261-51,1,1,11264
1029070,261,2,"Detroit",,1,11263261,shp-261-51,1,1,11263
118020,261,3,"Detroit",,1,11264261,shp-261-51,1,1,11264
2110010,261,1,"Detroit",,1,11265261,shp-261-51,1,1,11265
1973020,261,3,"Detroit",,1,11265261,shp-261-51,1,1,11265
1995020,261,3,"Detroit",,1,11261261,shp-261-51,1,1,11261
1184010,261,1,"Detroit",,1,11263261,shp-261-51,1,1,11263
678010,261,1,"Detroit",,1,11264261,shp-261-51,1,1,11264
2412010,261,1,"Detroit",,1,11267261,shp-261-51,1,1,11267
880020,261,3,"Detroit",,1,11264261,shp-261-51,1,1,11264
382020,261,3,"DTW via Vining",,0,11264261,shp-261-02,1,1,11264
2932070,261,2,"DTW via Vining",,0,11263261,shp-261-02,1,1,11263
1350070,261,2,"DTW via Vining",,0,11263261,shp-261-02,1,1,11263
2047020,261,3,"DTW via Vining",,0,11263261,shp-261-02,1,1,11263
79010,261,1,"DTW via Vining",,0,11265261,shp-261-02,1,1,11265
1573020,261,3,"DTW via Vining",,0,11261261,shp-261-02,1,1,11261
769070,261,2,"DTW via Vining",,0,11261261,shp-261-02,1,1,11261
3471010,261,1,"DTW via Vining",,0,11263261,shp-261-02,1,1,11263
460070,261,2,"DTW via Vining",,0,11262261,shp-261-02,1,1,11262
3497010,261,1,"DTW via Vining",,0,11263261,shp-261-02,1,1,11263
3329010,261,1,"DTW via Vining",,0,11267261,shp-261-02,1,1,11267
1834020,261,3,"DTW via Vining",,0,11264261,shp-261-02,1,1,11264
3093020,261,3,"DTW via Vining",,0,11265261,shp-261-02,1,1,11265
619010,261,1,"DTW via Vining",,0,11262261,shp-261-02,1,1,11262
798020,261,3,"DTW via Vining",,0,11270261,shp-261-02,1,1,11270
193070,261,2,"DTW via Vining",,0,11261261,shp-261-02,1,1,11261
1254070,261,2,"DTW via Vining",,0,11265261,shp-261-02,1,1,11265
1202020,261,3,"DTW via Vining",,0,11262261,shp-261-02,1,1,11262
3380020,261,3,"DTW",,0,11269261,shp-261-01,1,1,11269
3221070,261,2,"DTW",,0,11265261,shp-261-01,1,1,11265
1852020,261,3,"DTW",,0,11264261,shp-261-01,1,1,11264
1679020,261,3,"DTW",,0,11264261,shp-261-01,1,1,11264
2575020,261,3,"DTW",,0,11266261,shp-261-01,1,1,11266
1271020,261,3,"DTW",,0,11265261,shp-261-01,1,1,11265
1220020,261,3,"DTW",,0,11261261,shp-261-01,1,1,11261
703020,261,3,"DTW",,0,11262261,shp-261-01,1,1,11262
2122020,261,3,"DTW",,0,11266261,shp-261-01,1,1,11266
1407010,261,1,"DTW",,0,11263261,shp-261-01,1,1,11263
2979070,261,2,"DTW",,0,11263261,shp-261-01,1,1,11263
1946020,261,3,"DTW",,0,11262261,shp-261-01,1,1,11262
751010,261,1,"DTW",,0,11262261,shp-261-01,1,1,11262
1163020,261,3,"DTW",,0,11265261,shp-261-01,1,1,11265
1737010,261,1,"DTW",,0,11264261,shp-261-01,1,1,11264
2365070,261,2,"DTW",,0,11261261,shp-261-01,1,1,11261
2963010,261,1,"DTW",,0,11261261,shp-261-01,1,1,11261
630020,261,3,"DTW",,0,11268261,shp-261-01,1,1,11268
3220010,261,1,"DTW",,0,11261261,shp-261-01,1,1,11261
376020,261,3,"DTW",,0,11264261,shp-261-01,1,1,11264
617020,261,3,"DTW",,0,11262261,shp-261-01,1,1,11262
2015070,261,2,"DTW",,0,11261261,shp-261-01,1,1,11261
2362020,261,3,"DTW",,0,11271261,shp-261-01,1,1,11271
1697010,261,1,"DTW",,0,11264261,shp-261-01,1,1,11264
3432020,261,3,"DTW",,0,11267261,shp-261-01,1,1,11267
2619010,261,1,"DTW",,0,11263261,shp-261-01,1,1,11263
1962010,261,1,"DTW",,0,11266261,shp-261-01,1,1,11266
1326020,261,3,"DTW",,0,11270261,shp-261-01,1,1,11270
262010,261,1,"DTW",,0,11264261,shp-261-01,1,1,11264
825010,261,1,"DTW",,0,11265261,shp-261-01,1,1,11265
1285020,261,3,"DTW",,0,11261261,shp-261-01,1,1,11261
762070,261,2,"DTW",,0,11264261,shp-261-01,1,1,11264
185070,261,2,"DTW",,0,11265261,shp-261-01,1,1,11265
230020,261,3,"DTW",,0,11266261,shp-261-01,1,1,11266
994020,261,3,"DTW",,0,11268261,shp-261-01,1,1,11268
1772020,261,3,"DTW",,0,11262261,shp-261-01,1,1,11262
3469020,261,3,"DTW",,0,11271261,shp-261-01,1,1,11271
3397020,261,3,"DTW",,0,11266261,shp-261-01,1,1,11266
1988010,261,1,"DTW",,0,11263261,shp-261-01,1,1,11263
1246070,261,2,"DTW",,0,11264261,shp-261-01,1,1,11264
150070,261,2,"DTW",,0,11263261,shp-261-01,1,1,11263
1613070,261,2,"DTW",,0,11264261,shp-261-01,1,1,11264
890070,261,2,"DTW",,0,11263261,shp-261-01,1,1,11263
3056020,261,3,"DTW",,0,11265261,shp-261-01,1,1,11265
2027070,261,2,"DTW",,0,11264261,shp-261-01,1,1,11264
2929010,261,1,"DTW",,0,11263261,shp-261-01,1,1,11263
217020,261,3,"DTW",,0,11267261,shp-261-01,1,1,11267
3219010,261,1,"DTW",,0,11266261,shp-261-01,1,1,11266
1926020,261,3,"DTW",,0,11267261,shp-261-01,1,1,11267
3567070,261,2,"DTW",,0,11263261,shp-261-01,1,1,11263
1742020,261,3,"DTW",,0,11261261,shp-261-01,1,1,11261
2348020,261,3,"DTW",,0,11261261,shp-261-01,1,1,11261
1914070,261,2,"DTW",,0,11261261,shp-261-01,1,1,11261
1724010,261,1,"DTW",,0,11266261,shp-261-01,1,1,11266
2672020,261,3,"DTW",,0,11266261,shp-261-01,1,1,11266
3419070,261,2,"DTW",,0,11264261,shp-261-01,1,1,11264
3150070,261,2,"DTW",,0,11264261,shp-261-01,1,1,11264
2939020,275,3,"12 Mile",,1,12751,shp-275-06,1,1,1275
2190020,275,3,"12 Mile",,1,12651,shp-275-06,1,1,1265
2419070,275,2,"12 Mile",,1,12661,shp-275-06,1,1,1266
2368020,275,3,"12 Mile",,1,12671,shp-275-06,1,1,1267
144020,275,3,"12 Mile",,1,12661,shp-275-06,1,1,1266
2588070,275,2,"12 Mile",,1,12691,shp-275-06,1,1,1269
1728070,275,2,"12 Mile",,1,12661,shp-275-06,1,1,1266
2051020,275,3,"12 Mile",,1,12681,shp-275-06,1,1,1268
1180020,275,3,"12 Mile",,1,12681,shp-275-06,1,1,1268
3070020,275,3,"12 Mile",,1,12661,shp-275-06,1,1,1266
3522070,275,2,"12 Mile",,1,12681,shp-275-06,1,1,1268
1985070,275,2,"12 Mile",,1,12671,shp-275-06,1,1,1267
1424020,275,3,"12 Mile",,1,12711,shp-275-06,1,1,1271
727020,275,3,"12 Mile",,1,12701,shp-275-06,1,1,1270
2445070,275,2,"12 Mile",,1,12691,shp-275-06,1,1,1269
2756070,275,2,"12 Mile",,1,12671,shp-275-06,1,1,1267
3356020,275,3,"12 Mile",,1,12661,shp-275-06,1,1,1266
2336020,275,3,"12 Mile",,1,12671,shp-275-06,1,1,1267
883020,275,3,"12 Mile",,1,12711,shp-275-06,1,1,1271
1554020,275,3,"12 Mile",,1,12651,shp-275-06,1,1,1265
2274020,275,3,"12 Mile",,1,12671,shp-275-06,1,1,1267
3017020,275,3,"12 Mile",,1,12661,shp-275-06,1,1,1266
2780070,275,2,"12 Mile",,1,12701,shp-275-06,1,1,1270
3296020,275,3,"12 Mile",,1,12661,shp-275-06,1,1,1266
388020,275,3,"12 Mile",,1,12671,shp-275-06,1,1,1267
796020,275,3,"12 Mile",,1,12671,shp-275-06,1,1,1267
786020,275,3,"12 Mile",,1,12651,shp-275-06,1,1,1265
2503070,275,2,"12 Mile",,1,12681,shp-275-06,1,1,1268
16020,275,3,"12 Mile",,1,12651,shp-275-06,1,1,1265
3430070,275,2,"12 Mile",,1,12701,shp-275-06,1,1,1270
131020,275,3,"12 Mile",,1,12661,shp-275-06,1,1,1266
2885070,275,2,"12 Mile",,1,12681,shp-275-06,1,1,1268
266020,275,3,"12 Mile",,1,12651,shp-275-06,1,1,1265
2841070,275,2,"12 Mile",,1,12701,shp-275-06,1,1,1270
680070,275,2,"12 Mile",,1,12651,shp-275-06,1,1,1265
3364020,275,3,"12 Mile",,1,12691,shp-275-06,1,1,1269
1382070,275,2,"12 Mile",,1,12651,shp-275-06,1,1,1265
1010020,275,3,"12 Mile",,1,12681,shp-275-06,1,1,1268
3571070,275,2,"12 Mile",,1,12661,shp-275-06,1,1,1266
1585070,275,2,"Taylor",,0,12691,shp-275-59,1,1,1269
200020,275,3,"Taylor",,0,12651,shp-275-59,1,1,1265
1293020,275,3,"Taylor",,0,12711,shp-275-59,1,1,1271
666070,275,2,"Taylor",,0,12691,shp-275-59,1,1,1269
1177070,275,2,"Taylor",,0,12651,shp-275-59,1,1,1265
538020,275,3,"Taylor",,0,12671,shp-275-59,1,1,1267
3349070,275,2,"Taylor",,0,12661,shp-275-59,1,1,1266
429020,275,3,"Taylor",,0,12671,shp-275-59,1,1,1267
1704020,275,3,"Taylor",,0,12651,shp-275-59,1,1,1265
2174020,275,3,"Taylor",,0,12751,shp-275-59,1,1,1275
477020,275,3,"Taylor",,0,12671,shp-275-59,1,1,1267
753070,275,2,"Taylor",,0,12691,shp-275-59,1,1,1269
804020,275,3,"Taylor",,0,12681,shp-275-59,1,1,1268
1084020,275,3,"Taylor",,0,12711,shp-275-59,1,1,1271
3499020,275,3,"Taylor",,0,12681,shp-275-59,1,1,1268
2765020,275,3,"Taylor",,0,12701,shp-275-59,1,1,1270
225020,275,3,"Taylor",,0,12661,shp-275-59,1,1,1266
2052020,275,3,"Taylor",,0,12661,shp-275-59,1,1,1266
2541020,275,3,"Taylor",,0,12661,shp-275-59,1,1,1266
1548070,275,2,"Taylor",,0,12671,shp-275-59,1,1,1267
364070,275,2,"Taylor",,0,12651,shp-275-59,1,1,1265
1923020,275,3,"Taylor",,0,12651,shp-275-59,1,1,1265
2390070,275,2,"Taylor",,0,12671,shp-275-59,1,1,1267
2291020,275,3,"Taylor",,0,12671,shp-275-59,1,1,1267
707070,275,2,"Taylor",,0,12651,shp-275-59,1,1,1265
3314070,275,2,"Taylor",,0,12701,shp-275-59,1,1,1270
885070,275,2,"Taylor",,0,12681,shp-275-59,1,1,1268
2099070,275,2,"Taylor",,0,12671,shp-275-59,1,1,1267
1640020,275,3,"Taylor",,0,12651,shp-275-59,1,1,1265
1868020,275,3,"Taylor",,0,12651,shp-275-59,1,1,1265
1908020,275,3,"Taylor",,0,12661,shp-275-59,1,1,1266
1042070,275,2,"Taylor",,0,12661,shp-275-59,1,1,1266
3025070,275,2,"Taylor",,0,12681,shp-275-59,1,1,1268
3544020,275,3,"Taylor",,0,12651,shp-275-59,1,1,1265
2872020,275,3,"Taylor",,0,12691,shp-275-59,1,1,1269
1404020,275,3,"Taylor",,0,12671,shp-275-59,1,1,1267
119020,275,3,"Taylor",,0,12661,shp-275-59,1,1,1266
3541070,275,2,"Taylor",,0,12701,shp-275-59,1,1,1270
3359020,275,3,"Taylor",,0,12671,shp-275-59,1,1,1267
2811020,280,3,"Evans Terminal via Romulus",,0,12861,shp-280-54,1,1,1286
3282020,280,3,"Evans Terminal via Romulus",,0,12821,shp-280-54,1,1,1282
717020,280,3,"Evans Terminal via Romulus",,0,12811,shp-280-54,1,1,1281
2459020,280,3,"Evans Terminal via Romulus",,0,12861,shp-280-54,1,1,1286
1275020,280,3,"Evans Terminal via Romulus",,0,12851,shp-280-54,1,1,1285
3510020,280,3,"Evans Terminal via Romulus",,0,12801,shp-280-54,1,1,1280
583020,280,3,"Evans Terminal via Romulus",,0,12861,shp-280-54,1,1,1286
1366020,280,3,"Evans Terminal via Romulus",,0,12811,shp-280-54,1,1,1281
29020,280,3,"Evans Terminal via Romulus",,0,12801,shp-280-54,1,1,1280
823020,280,3,"Evans Terminal via Romulus",,0,12871,shp-280-54,1,1,1287
1506020,280,3,"Evans Terminal via Romulus",,0,12851,shp-280-54,1,1,1285
974020,280,3,"Evans Terminal via Romulus",,0,12821,shp-280-54,1,1,1282
2270020,280,3,"Evans Terminal via Romulus",,0,12841,shp-280-54,1,1,1284
3301020,280,3,"Evans Terminal via Romulus",,0,12811,shp-280-54,1,1,1281
2904020,280,3,"Evans Terminal via Romulus",,0,12871,shp-280-54,1,1,1287
425020,280,3,"Evans Terminal via Romulus",,0,12821,shp-280-54,1,1,1282
2706020,280,3,"Evans Terminal via Romulus",,0,12801,shp-280-54,1,1,1280
567020,280,3,"Evans Terminal via Romulus",,0,12831,shp-280-54,1,1,1283
405010,280,1,"Evans Terminal",,0,12821,shp-280-53,1,1,1282
3156010,280,1,"Evans Terminal",,0,12811,shp-280-53,1,1,1281
2567010,280,1,"Evans Terminal",,0,12801,shp-280-53,1,1,1280
563070,280,2,"Evans Terminal",,0,12811,shp-280-53,1,1,1281
55070,280,2,"Evans Terminal",,0,12831,shp-280-53,1,1,1283
456010,280,1,"Evans Terminal",,0,12831,shp-280-53,1,1,1283
1218070,280,2,"Evans Terminal",,0,12801,shp-280-53,1,1,1280
1435010,280,1,"Evans Terminal",,0,12821,shp-280-53,1,1,1282
2162070,280,2,"Evans Terminal",,0,12801,shp-280-53,1,1,1280
3161010,280,1,"Evans Terminal",,0,12831,shp-280-53,1,1,1283
2899070,280,2,"Evans Terminal",,0,12821,shp-280-53,1,1,1282
1006010,280,1,"Evans Terminal",,0,12811,shp-280-53,1,1,1281
1544010,280,1,"Evans Terminal",,0,12821,shp-280-53,1,1,1282
1690070,280,2,"Evans Terminal",,0,12831,shp-280-53,1,1,1283
2208010,280,1,"Evans Terminal",,0,12801,shp-280-53,1,1,1280
3361010,280,1,"Evans Terminal",,0,12801,shp-280-53,1,1,1280
2006010,280,1,"Evans Terminal",,0,12811,shp-280-53,1,1,1281
3531010,280,1,"Evans Terminal",,0,12831,shp-280-53,1,1,1283
682070,280,2,"Evans Terminal",,0,12831,shp-280-53,1,1,1283
1783070,280,2,"Evans Terminal",,0,12821,shp-280-53,1,1,1282
861070,280,2,"Evans Terminal",,0,12811,shp-280-53,1,1,1281
1759070,280,2,"Evans Terminal",,0,12811,shp-280-53,1,1,1281
860010,280,1,"Evans Terminal",,0,12801,shp-280-53,1,1,1280
692070,280,2,"Evans Terminal",,0,12821,shp-280-53,1,1,1282
93070,280,2,"Evans Terminal",,0,12831,shp-280-53,1,1,1283
808070,280,2,"Evans Terminal",,0,12811,shp-280-53,1,1,1281
1514070,280,2,"Evans Terminal",,0,12801,shp-280-53,1,1,1280
2632070,280,2,"Evans Terminal",,0,12801,shp-280-53,1,1,1280
1898020,280,3,"Old Redford Meijer via Romulus",,1,12871,shp-280-04,1,1,1287
807020,280,3,"Old Redford Meijer via Romulus",,1,12861,shp-280-04,1,1,1286
1200010,280,1,"Old Redford Meijer via Romulus",,1,12811,shp-280-03,1,1,1281
2301010,280,1,"Old Redford Meijer via Romulus",,1,12811,shp-280-03,1,1,1281
1889010,280,1,"Old Redford Meijer via Romulus",,1,12831,shp-280-03,1,1,1283
2764070,280,2,"Old Redford Meijer via Romulus",,1,12801,shp-280-03,1,1,1280
2041010,280,1,"Old Redford Meijer via Romulus",,1,12801,shp-280-03,1,1,1280
2351020,280,3,"Old Redford Meijer via Romulus",,1,12821,shp-280-04,1,1,1282
2135010,280,1,"Old Redford Meijer via Romulus",,1,12831,shp-280-03,1,1,1283
2004070,280,2,"Old Redford Meijer via Romulus",,1,12801,shp-280-03,1,1,1280
857070,280,2,"Old Redford Meijer via Romulus",,1,12821,shp-280-03,1,1,1282
987070,280,2,"Old Redford Meijer via Romulus",,1,12811,shp-280-03,1,1,1281
2320020,280,3,"Old Redford Meijer via Romulus",,1,12851,shp-280-04,1,1,1285
631010,280,1,"Old Redford Meijer via Romulus",,1,12821,shp-280-03,1,1,1282
624020,280,3,"Old Redford Meijer via Romulus",,1,12851,shp-280-04,1,1,1285
481070,280,2,"Old Redford Meijer via Romulus",,1,12811,shp-280-03,1,1,1281
3376020,280,3,"Old Redford Meijer via Romulus",,1,12841,shp-280-04,1,1,1284
3426070,280,2,"Old Redford Meijer via Romulus",,1,12801,shp-280-03,1,1,1280
127020,280,3,"Old Redford Meijer via Romulus",,1,12841,shp-280-04,1,1,1284
1650020,280,3,"Old Redford Meijer via Romulus",,1,12811,shp-280-04,1,1,1281
251070,280,2,"Old Redford Meijer via Romulus",,1,12831,shp-280-03,1,1,1283
108070,280,2,"Old Redford Meijer via Romulus",,1,12811,shp-280-03,1,1,1281
3433020,280,3,"Old Redford Meijer via Romulus",,1,12821,shp-280-04,1,1,1282
3021020,280,3,"Old Redford Meijer via Romulus",,1,12861,shp-280-04,1,1,1286
3042010,280,1,"Old Redford Meijer via Romulus",,1,12801,shp-280-03,1,1,1280
2219020,280,3,"Old Redford Meijer via Romulus",,1,12811,shp-280-04,1,1,1281
2082020,280,3,"Old Redford Meijer via Romulus",,1,12831,shp-280-04,1,1,1283
1289020,280,3,"Old Redford Meijer via Romulus",,1,12801,shp-280-04,1,1,1280
249010,280,1,"Old Redford Meijer via Romulus",,1,12831,shp-280-03,1,1,1283
1318070,280,2,"Old Redford Meijer via Romulus",,1,12801,shp-280-03,1,1,1280
2508070,280,2,"Old Redford Meijer via Romulus",,1,12831,shp-280-03,1,1,1283
1867070,280,2,"Old Redford Meijer via Romulus",,1,12821,shp-280-03,1,1,1282
2775020,280,3,"Old Redford Meijer via Romulus",,1,12861,shp-280-04,1,1,1286
516020,280,3,"Old Redford Meijer via Romulus",,1,12821,shp-280-04,1,1,1282
2679010,280,1,"Old Redford Meijer via Romulus",,1,12801,shp-280-03,1,1,1280
1820070,280,2,"Old Redford Meijer via Romulus",,1,12821,shp-280-03,1,1,1282
3165010,280,1,"Old Redford Meijer via Romulus",,1,12821,shp-280-03,1,1,1282
97070,280,2,"Old Redford Meijer via Romulus",,1,12831,shp-280-03,1,1,1283
2520010,280,1,"Old Redford Meijer via Romulus",,1,12821,shp-280-03,1,1,1282
763010,280,1,"Old Redford Meijer via Romulus",,1,12811,shp-280-03,1,1,1281
2812070,280,2,"Old Redford Meijer via Romulus",,1,12821,shp-280-03,1,1,1282
2705010,280,1,"Old Redford Meijer via Romulus",,1,12831,shp-280-03,1,1,1283
1854020,280,3,"Old Redford Meijer via Romulus",,1,12871,shp-280-04,1,1,1287
560020,280,3,"Old Redford Meijer via Romulus",,1,12871,shp-280-04,1,1,1287
2997020,280,3,"Old Redford Meijer via Romulus",,1,12801,shp-280-04,1,1,1280
1902070,280,2,"Old Redford Meijer via Romulus",,1,12831,shp-280-03,1,1,1283
3410020,305,3,"Old Redford Meijer",,0,13071,shp-305-52,1,1,1307
1308070,305,2,"Old Redford Meijer",,0,23062,shp-305-52,1,1,2306
3140070,305,2,"Old Redford Meijer",,0,13061,shp-305-52,1,1,1306
3556020,305,3,"Old Redford Meijer",,0,13071,shp-305-52,1,1,1307
3386020,305,3,"Old Redford Meijer",,0,13051,shp-305-52,1,1,1305
1272020,305,3,"Old Redford Meijer",,0,13071,shp-305-52,1,1,1307
2074010,305,1,"Old Redford Meijer",,0,13051,shp-305-52,1,1,1305
2627020,305,3,"Old Redford Meijer",,0,13051,shp-305-52,1,1,1305
91020,305,3,"Old Redford Meijer",,0,13061,shp-305-52,1,1,1306
754010,305,1,"Old Redford Meijer",,0,13081,shp-305-52,1,1,1308
1870070,305,2,"Old Redford Meijer",,0,23062,shp-305-52,1,1,2306
2734070,305,2,"Old Redford Meijer",,0,13051,shp-305-52,1,1,1305
95020,305,3,"Old Redford Meijer",,0,13081,shp-305-52,1,1,1308
234010,305,1,"Old Redford Meijer",,0,13061,shp-305-52,1,1,1306
2585010,305,1,"Old Redford Meijer",,0,13071,shp-305-52,1,1,1307
2113020,305,3,"Old Redford Meijer",,0,13081,shp-305-52,1,1,1308
2353070,305,2,"Old Redford Meijer",,0,13061,shp-305-52,1,1,1306
1470070,305,2,"Old Redford Meijer",,0,23062,shp-305-52,1,1,2306
1821070,305,2,"Old Redford Meijer",,0,13071,shp-305-52,1,1,1307
48020,305,3,"Old Redford Meijer",,0,13051,shp-305-52,1,1,1305
2673010,305,1,"Old Redford Meijer",,0,13081,shp-305-52,1,1,1308
2999020,305,3,"Old Redford Meijer",,0,13061,shp-305-52,1,1,1306
3244010,305,1,"Old Redford Meijer",,0,13081,shp-305-52,1,1,1308
1918070,305,2,"Old Redford Meijer",,0,13051,shp-305-52,1,1,1305
540070,305,2,"Old Redford Meijer",,0,13061,shp-305-52,1,1,1306
2937020,305,3,"Old Redford Meijer",,0,13081,shp-305-52,1,1,1308
2790010,305,1,"Old Redford Meijer",,0,13051,shp-305-52,1,1,1305
902010,305,1,"Old Redford Meijer",,0,13071,shp-305-52,1,1,1307
2242070,305,2,"Old Redford Meijer",,0,13071,shp-305-52,1,1,1307
1165070,305,2,"Old Redford Meijer",,0,23062,shp-305-52,1,1,2306
2564020,305,3,"Old Redford Meijer",,0,13071,shp-305-52,1,1,1307
1476070,305,2,"Old Redford Meijer",,0,13051,shp-305-52,1,1,1305
2450020,305,3,"Old Redford Meijer",,0,13051,shp-305-52,1,1,1305
1451020,305,3,"Old Redford Meijer",,0,13061,shp-305-52,1,1,1306
3527070,305,2,"Old Redford Meijer",,0,13071,shp-305-52,1,1,1307
856020,305,3,"Old Redford Meijer",,0,13061,shp-305-52,1,1,1306
897010,305,1,"Old Redford Meijer",,0,13081,shp-305-52,1,1,1308
3216020,305,3,"Old Redford Meijer",,0,13081,shp-305-52,1,1,1308
2418070,305,2,"Old Redford Meijer",,0,13061,shp-305-52,1,1,1306
111070,305,2,"Old Redford Meijer",,0,13051,shp-305-52,1,1,1305
2532010,305,1,"Old Redford Meijer",,0,13051,shp-305-52,1,1,1305
1083020,305,3,"Old Redford Meijer",,0,13071,shp-305-52,1,1,1307
1160070,305,2,"Old Redford Meijer",,0,13071,shp-305-52,1,1,1307
296010,305,1,"Old Redford Meijer",,0,13061,shp-305-52,1,1,1306
1408070,305,2,"Old Redford Meijer",,0,23062,shp-305-52,1,1,2306
799010,305,1,"Old Redford Meijer",,0,13061,shp-305-52,1,1,1306
3293010,305,1,"Old Redford Meijer",,0,13051,shp-305-52,1,1,1305
1070010,305,1,"Old Redford Meijer",,0,13071,shp-305-52,1,1,1307
2268010,305,1,"Old Redford Meijer",,0,13071,shp-305-52,1,1,1307
1850010,305,1,"Wixom Road",,1,13071,shp-305-02,1,1,1307
517070,305,2,"Wixom Road",,1,13051,shp-305-02,1,1,1305
1112070,305,2,"Wixom Road",,1,13061,shp-305-02,1,1,1306
218010,305,1,"Wixom Road",,1,13081,shp-305-02,1,1,1308
1507020,305,3,"Wixom Road",,1,13081,shp-305-02,1,1,1308
73070,305,2,"Wixom Road",,1,13051,shp-305-02,1,1,1305
3371070,305,2,"Wixom Road",,1,13071,shp-305-02,1,1,1307
1466020,305,3,"Wixom Road",,1,13081,shp-305-02,1,1,1308
1185010,305,1,"Wixom Road",,1,13061,shp-305-02,1,1,1306
704070,305,2,"Wixom Road",,1,13071,shp-305-02,1,1,1307
2257010,305,1,"Wixom Road",,1,13051,shp-305-02,1,1,1305
362070,305,2,"Wixom Road",,1,23062,shp-305-02,1,1,2306
1901010,305,1,"Wixom Road",,1,13081,shp-305-02,1,1,1308
3122020,305,3,"Wixom Road",,1,13071,shp-305-02,1,1,1307
2381070,305,2,"Wixom Road",,1,23062,shp-305-02,1,1,2306
3051020,305,3,"Wixom Road",,1,13061,shp-305-02,1,1,1306
1411010,305,1,"Wixom Road",,1,13061,shp-305-02,1,1,1306
3423070,305,2,"Wixom Road",,1,13051,shp-305-02,1,1,1305
1414070,305,2,"Wixom Road",,1,13071,shp-305-02,1,1,1307
496010,305,1,"Wixom Road",,1,13071,shp-305-02,1,1,1307
2382070,305,2,"Wixom Road",,1,13061,shp-305-02,1,1,1306
997010,305,1,"Wixom Road",,1,13081,shp-305-02,1,1,1308
3372020,305,3,"Wixom Road",,1,13061,shp-305-02,1,1,1306
1668020,305,3,"Wixom Road",,1,13051,shp-305-02,1,1,1305
3395020,305,3,"Wixom Road",,1,13081,shp-305-02,1,1,1308
214020,305,3,"Wixom Road",,1,13061,shp-305-02,1,1,1306
2650010,305,1,"Wixom Road",,1,13071,shp-305-02,1,1,1307
402010,305,1,"Wixom Road",,1,13061,shp-305-02,1,1,1306
3270010,305,1,"Wixom Road",,1,13051,shp-305-02,1,1,1305
1086070,305,2,"Wixom Road",,1,13071,shp-305-02,1,1,1307
1764020,305,3,"Wixom Road",,1,13051,shp-305-02,1,1,1305
2379070,305,2,"Wixom Road",,1,13051,shp-305-02,1,1,1305
143010,305,1,"Wixom Road",,1,13051,shp-305-02,1,1,1305
224020,305,3,"Wixom Road",,1,13051,shp-305-02,1,1,1305
713070,305,2,"Wixom Road",,1,13061,shp-305-02,1,1,1306
806070,305,2,"Wixom Road",,1,13061,shp-305-02,1,1,1306
2349020,305,3,"Wixom Road",,1,13071,shp-305-02,1,1,1307
2994020,305,3,"Wixom Road",,1,13081,shp-305-02,1,1,1308
1196070,305,2,"Wixom Road",,1,13051,shp-305-02,1,1,1305
146020,305,3,"Wixom Road",,1,13061,shp-305-02,1,1,1306
2484020,305,3,"Wixom Road",,1,13071,shp-305-02,1,1,1307
243070,305,2,"Wixom Road",,1,23062,shp-305-02,1,1,2306
3226010,305,1,"Wixom Road",,1,13081,shp-305-02,1,1,1308
844020,305,3,"Wixom Road",,1,13051,shp-305-02,1,1,1305
2879020,305,3,"Wixom Road",,1,13071,shp-305-02,1,1,1307
2293010,305,1,"Wixom Road",,1,13061,shp-305-02,1,1,1306
2430020,305,3,"Wixom Road",,1,13071,shp-305-02,1,1,1307
705010,305,1,"Wixom Road",,1,13051,shp-305-02,1,1,1305
1629070,305,2,"Wixom Road",,1,23062,shp-305-02,1,1,2306
3259020,350,3,"Commerce Walmart",,1,23522,shp-350-01,1,1,2352
2028070,350,2,"Commerce Walmart",,1,23502,shp-350-01,1,1,2350
779070,350,2,"Commerce Walmart",,1,23522,shp-350-01,1,1,2352
323020,350,3,"Commerce Walmart",,1,23512,shp-350-01,1,1,2351
2681070,350,2,"Commerce Walmart",,1,23502,shp-350-01,1,1,2350
269010,350,1,"Commerce Walmart",,1,23522,shp-350-01,1,1,2352
1330020,350,3,"Commerce Walmart",,1,23502,shp-350-01,1,1,2350
514010,350,1,"Commerce Walmart",,1,23532,shp-350-01,1,1,2353
1256020,350,3,"Commerce Walmart",,1,23532,shp-350-01,1,1,2353
2344070,350,2,"Commerce Walmart",,1,23532,shp-350-01,1,1,2353
3439020,350,3,"Commerce Walmart",,1,23522,shp-350-01,1,1,2352
3190010,350,1,"Commerce Walmart",,1,23522,shp-350-01,1,1,2352
1055070,350,2,"Commerce Walmart",,1,23512,shp-350-01,1,1,2351
242020,350,3,"Commerce Walmart",,1,23512,shp-350-01,1,1,2351
272070,350,2,"Commerce Walmart",,1,23522,shp-350-01,1,1,2352
3077020,350,3,"Commerce Walmart",,1,23522,shp-350-01,1,1,2352
2783070,350,2,"Commerce Walmart",,1,23522,shp-350-01,1,1,2352
3494010,350,1,"Commerce Walmart",,1,23512,shp-350-01,1,1,2351
2416020,350,3,"Commerce Walmart",,1,23502,shp-350-01,1,1,2350
1167010,350,1,"Commerce Walmart",,1,23512,shp-350-01,1,1,2351
2649010,350,1,"Commerce Walmart",,1,23512,shp-350-01,1,1,2351
926020,350,3,"Commerce Walmart",,1,23532,shp-350-01,1,1,2353
2150070,350,2,"Commerce Walmart",,1,23512,shp-350-01,1,1,2351
10020,350,3,"Commerce Walmart",,1,23512,shp-350-01,1,1,2351
2817070,350,2,"Commerce Walmart",,1,23532,shp-350-01,1,1,2353
1931020,350,3,"Commerce Walmart",,1,23512,shp-350-01,1,1,2351
2882070,350,2,"Commerce Walmart",,1,23522,shp-350-01,1,1,2352
3533010,350,1,"Commerce Walmart",,1,23512,shp-350-01,1,1,2351
2710020,350,3,"Commerce Walmart",,1,23532,shp-350-01,1,1,2353
339010,350,1,"Commerce Walmart",,1,23522,shp-350-01,1,1,2352
2062020,350,3,"Commerce Walmart",,1,23522,shp-350-01,1,1,2352
616070,350,2,"Commerce Walmart",,1,23512,shp-350-01,1,1,2351
1372010,350,1,"Commerce Walmart",,1,23512,shp-350-01,1,1,2351
1934010,350,1,"Commerce Walmart",,1,23532,shp-350-01,1,1,2353
597020,350,3,"Commerce Walmart",,1,23502,shp-350-01,1,1,2350
3302020,350,3,"Commerce Walmart",,1,23532,shp-350-01,1,1,2353
2993070,350,2,"Commerce Walmart",,1,23502,shp-350-01,1,1,2350
3553070,350,2,"Commerce Walmart",,1,23512,shp-350-01,1,1,2351
1391010,350,1,"Commerce Walmart",,1,23502,shp-350-01,1,1,2350
115020,350,3,"Commerce Walmart",,1,23512,shp-350-01,1,1,2351
1965070,350,2,"Commerce Walmart",,1,23532,shp-350-01,1,1,2353
3234070,350,2,"Commerce Walmart",,1,23532,shp-350-01,1,1,2353
3319010,350,1,"Commerce Walmart",,1,23522,shp-350-01,1,1,2352
2457020,350,3,"Commerce Walmart",,1,23502,shp-350-01,1,1,2350
3480070,350,2,"Commerce Walmart",,1,23502,shp-350-01,1,1,2350
3536070,350,2,"Commerce Walmart",,1,23522,shp-350-01,1,1,2352
161070,350,2,"Commerce Walmart",,1,23502,shp-350-01,1,1,2350
556010,350,1,"Commerce Walmart",,1,23522,shp-350-01,1,1,2352
3326020,350,3,"Commerce Walmart",,1,23502,shp-350-01,1,1,2350
2615020,350,3,"Commerce Walmart",,1,23522,shp-350-01,1,1,2352
854070,350,2,"Commerce Walmart",,1,23512,shp-350-01,1,1,2351
117070,350,2,"Grand River / Wixom",,0,23522,shp-350-51,1,1,2352
829020,350,3,"Grand River / Wixom",,0,23522,shp-350-51,1,1,2352
1539010,350,1,"Grand River / Wixom",,0,23522,shp-350-51,1,1,2352
647070,350,2,"Grand River / Wixom",,0,23512,shp-350-51,1,1,2351
2272010,350,1,"Grand River / Wixom",,0,23522,shp-350-51,1,1,2352
1980020,350,3,"Grand River / Wixom",,0,23502,shp-350-51,1,1,2350
592070,350,2,"Grand River / Wixom",,0,23502,shp-350-51,1,1,2350
172020,350,3,"Grand River / Wixom",,0,23532,shp-350-51,1,1,2353
1386020,350,3,"Grand River / Wixom",,0,23522,shp-350-51,1,1,2352
1522020,350,3,"Grand River / Wixom",,0,23512,shp-350-51,1,1,2351
2560070,350,2,"Grand River / Wixom",,0,23512,shp-350-51,1,1,2351
1448070,350,2,"Grand River / Wixom",,0,23502,shp-350-51,1,1,2350
1075070,350,2,"Grand River / Wixom",,0,23532,shp-350-51,1,1,2353
3005020,350,3,"Grand River / Wixom",,0,23512,shp-350-51,1,1,2351
1217010,350,1,"Grand River / Wixom",,0,23512,shp-350-51,1,1,2351
792010,350,1,"Grand River / Wixom",,0,23512,shp-350-51,1,1,2351
3169010,350,1,"Grand River / Wixom",,0,23512,shp-350-51,1,1,2351
3079070,350,2,"Grand River / Wixom",,0,23522,shp-350-51,1,1,2352
3336070,350,2,"Grand River / Wixom",,0,23522,shp-350-51,1,1,2352
694010,350,1,"Grand River / Wixom",,0,23502,shp-350-51,1,1,2350
1359010,350,1,"Grand River / Wixom",,0,23532,shp-350-51,1,1,2353
3045020,350,3,"Grand River / Wixom",,0,23522,shp-350-51,1,1,2352
3014020,350,3,"Grand River / Wixom",,0,23502,shp-350-51,1,1,2350
1536010,350,1,"Grand River / Wixom",,0,23512,shp-350-51,1,1,2351
3500020,350,3,"Grand River / Wixom",,0,23522,shp-350-51,1,1,2352
2741020,350,3,"Grand River / Wixom",,0,23532,shp-350-51,1,1,2353
653010,350,1,"Grand River / Wixom",,0,23512,shp-350-51,1,1,2351
850020,350,3,"Grand River / Wixom",,0,23502,shp-350-51,1,1,2350
1494020,350,3,"Grand River / Wixom",,0,23512,shp-350-51,1,1,2351
1715020,350,3,"Grand River / Wixom",,0,23532,shp-350-51,1,1,2353
3178070,350,2,"Grand River / Wixom",,0,23502,shp-350-51,1,1,2350
879010,350,1,"Grand River / Wixom",,0,23522,shp-350-51,1,1,2352
2671070,350,2,"Grand River / Wixom",,0,23522,shp-350-51,1,1,2352
1505070,350,2,"Grand River / Wixom",,0,23502,shp-350-51,1,1,2350
548070,350,2,"Grand River / Wixom",,0,23512,shp-350-51,1,1,2351
466070,350,2,"Grand River / Wixom",,0,23502,shp-350-51,1,1,2350
1503010,350,1,"Grand River / Wixom",,0,23522,shp-350-51,1,1,2352
1274020,350,3,"Grand River / Wixom",,0,23512,shp-350-51,1,1,2351
356070,350,2,"Grand River / Wixom",,0,23532,shp-350-51,1,1,2353
170020,350,3,"Grand River / Wixom",,0,23532,shp-350-51,1,1,2353
346070,350,2,"Grand River / Wixom",,0,23522,shp-350-51,1,1,2352
160070,350,2,"Grand River / Wixom",,0,23532,shp-350-51,1,1,2353
3176070,350,2,"Grand River / Wixom",,0,23532,shp-350-51,1,1,2353
748010,350,1,"Grand River / Wixom",,0,23502,shp-350-51,1,1,2350
971010,350,1,"Grand River / Wixom",,0,23522,shp-350-51,1,1,2352
1432020,350,3,"Grand River / Wixom",,0,23532,shp-350-51,1,1,2353
1481020,350,3,"Grand River / Wixom",,0,23502,shp-350-51,1,1,2350
1447020,350,3,"Grand River / Wixom",,0,23522,shp-350-51,1,1,2352
1051070,350,2,"Grand River / Wixom",,0,23512,shp-350-51,1,1,2351
2808020,350,3,"Grand River / Wixom",,0,23502,shp-350-51,1,1,2350
991070,350,2,"Grand River / Wixom",,0,23532,shp-350-51,1,1,2353
181070,375,2,"Amazon Pontiac",,1,23752,shp-375-01,1,1,2375
372070,375,2,"Amazon Pontiac",,1,23732,shp-375-01,1,1,2373
371070,375,2,"Amazon Pontiac",,1,23762,shp-375-01,1,1,2376
1060020,375,3,"Amazon Pontiac",,1,23702,shp-375-01,1,1,2370
1924070,375,2,"Amazon Pontiac",,1,23732,shp-375-01,1,1,2373
1991020,375,3,"Amazon Pontiac",,1,23652,shp-375-01,1,1,2365
1490020,375,3,"Amazon Pontiac",,1,23672,shp-375-01,1,1,2367
1541020,375,3,"Amazon Pontiac",,1,23692,shp-375-01,1,1,2369
1487020,375,3,"Amazon Pontiac",,1,23662,shp-375-01,1,1,2366
349020,375,3,"Amazon Pontiac",,1,23672,shp-375-01,1,1,2367
1700070,375,2,"Amazon Pontiac",,1,23752,shp-375-01,1,1,2375
1343070,375,2,"Amazon Pontiac",,1,23702,shp-375-01,1,1,2370
2960070,375,2,"Amazon Pontiac",,1,23722,shp-375-01,1,1,2372
755070,375,2,"Amazon Pontiac",,1,23742,shp-375-01,1,1,2374
2423020,375,3,"Amazon Pontiac",,1,23702,shp-375-01,1,1,2370
2024020,375,3,"Amazon Pontiac",,1,23692,shp-375-01,1,1,2369
3010070,375,2,"Amazon Pontiac",,1,23732,shp-375-01,1,1,2373
578020,375,3,"Amazon Pontiac",,1,23652,shp-375-01,1,1,2365
1403070,375,2,"Amazon Pontiac",,1,23752,shp-375-01,1,1,2375
2849070,375,2,"Amazon Pontiac",,1,23702,shp-375-01,1,1,2370
1009020,375,3,"Amazon Pontiac",,1,23702,shp-375-01,1,1,2370
1847020,375,3,"Amazon Pontiac",,1,23672,shp-375-01,1,1,2367
1061020,375,3,"Amazon Pontiac",,1,23682,shp-375-01,1,1,2368
211020,375,3,"Amazon Pontiac",,1,23662,shp-375-01,1,1,2366
1332070,375,2,"Amazon Pontiac",,1,23742,shp-375-01,1,1,2374
3540020,375,3,"Amazon Pontiac",,1,23682,shp-375-01,1,1,2368
244020,375,3,"Amazon Pontiac",,1,23692,shp-375-01,1,1,2369
184070,375,2,"Amazon Pontiac",,1,23702,shp-375-01,1,1,2370
2340020,375,3,"Amazon Pontiac",,1,23652,shp-375-01,1,1,2365
2703070,375,2,"Amazon Pontiac",,1,23742,shp-375-01,1,1,2374
1068070,375,2,"Amazon Pontiac",,1,23762,shp-375-01,1,1,2376
3391020,375,3,"Amazon Pontiac",,1,23682,shp-375-01,1,1,2368
3202070,375,2,"Amazon Pontiac",,1,23762,shp-375-01,1,1,2376
929070,375,2,"Amazon Pontiac",,1,23722,shp-375-01,1,1,2372
1550020,375,3,"Amazon Pontiac",,1,23662,shp-375-01,1,1,2366
1088070,375,2,"Old Redford Meijer",,0,23732,shp-375-51,1,1,2373
422070,375,2,"Old Redford Meijer",,0,23732,shp-375-51,1,1,2373
423070,375,2,"Old Redford Meijer",,0,23762,shp-375-51,1,1,2376
3462070,375,2,"Old Redford Meijer",,0,23762,shp-375-51,1,1,2376
3115020,375,3,"Old Redford Meijer",,0,23702,shp-375-51,1,1,2370
2743070,375,2,"Old Redford Meijer",,0,23702,shp-375-51,1,1,2370
3330020,375,3,"Old Redford Meijer",,0,23652,shp-375-51,1,1,2365
3173070,375,2,"Old Redford Meijer",,0,23742,shp-375-51,1,1,2374
17070,375,2,"Old Redford Meijer",,0,23722,shp-375-51,1,1,2372
2072020,375,3,"Old Redford Meijer",,0,23662,shp-375-51,1,1,2366
2555070,375,2,"Old Redford Meijer",,0,23752,shp-375-51,1,1,2375
1873020,375,3,"Old Redford Meijer",,0,23672,shp-375-51,1,1,2367
638070,375,2,"Old Redford Meijer",,0,23732,shp-375-51,1,1,2373
3508020,375,3,"Old Redford Meijer",,0,23692,shp-375-51,1,1,2369
406020,375,3,"Old Redford Meijer",,0,23672,shp-375-51,1,1,2367
19020,375,3,"Old Redford Meijer",,0,23672,shp-375-51,1,1,2367
3495070,375,2,"Old Redford Meijer",,0,23722,shp-375-51,1,1,2372
1803020,375,3,"Old Redford Meijer",,0,23702,shp-375-51,1,1,2370
2282020,375,3,"Old Redford Meijer",,0,23702,shp-375-51,1,1,2370
3184020,375,3,"Old Redford Meijer",,0,23682,shp-375-51,1,1,2368
2669020,375,3,"Old Redford Meijer",,0,23682,shp-375-51,1,1,2368
1967020,375,3,"Old Redford Meijer",,0,23662,shp-375-51,1,1,2366
2505070,375,2,"Old Redford Meijer",,0,23752,shp-375-51,1,1,2375
941020,375,3,"Old Redford Meijer",,0,23692,shp-375-51,1,1,2369
1716020,375,3,"Old Redford Meijer",,0,23692,shp-375-51,1,1,2369
2714070,375,2,"Old Redford Meijer",,0,23702,shp-375-51,1,1,2370
570070,375,2,"Old Redford Meijer",,0,23722,shp-375-51,1,1,2372
1677020,375,3,"Old Redford Meijer",,0,23682,shp-375-51,1,1,2368
464020,375,3,"Old Redford Meijer",,0,23652,shp-375-51,1,1,2365
2587020,375,3,"Old Redford Meijer",,0,23662,shp-375-51,1,1,2366
361070,375,2,"Old Redford Meijer",,0,23742,shp-375-51,1,1,2374
1182070,375,2,"Old Redford Meijer",,0,23752,shp-375-51,1,1,2375
201070,375,2,"Old Redford Meijer",,0,23702,shp-375-51,1,1,2370
2990020,375,3,"Old Redford Meijer",,0,23652,shp-375-51,1,1,2365
1300070,405,2,"Commerce Walmart",,0,24092,shp-405-51,1,1,2409
2461020,405,3,"Commerce Walmart",,0,24102,shp-405-51,1,1,2410
2973020,405,3,"Commerce Walmart",,0,24092,shp-405-51,1,1,2409
2279070,405,2,"Commerce Walmart",,0,24092,shp-405-51,1,1,2409
816020,405,3,"Commerce Walmart",,0,24062,shp-405-51,1,1,2406
2704020,405,3,"Commerce Walmart",,0,24052,shp-405-51,1,1,2405
3109070,405,2,"Commerce Walmart",,0,24092,shp-405-51,1,1,2409
8020,405,3,"Commerce Walmart",,0,24072,shp-405-51,1,1,2407
2647020,405,3,"Commerce Walmart",,0,24102,shp-405-51,1,1,2410
868070,405,2,"Commerce Walmart",,0,24052,shp-405-51,1,1,2405
2909020,405,3,"Commerce Walmart",,0,24092,shp-405-51,1,1,2409
1187020,405,3,"Commerce Walmart",,0,24082,shp-405-51,1,1,2408
3188020,405,3,"Commerce Walmart",,0,24052,shp-405-51,1,1,2405
1045020,405,3,"Commerce Walmart",,0,24052,shp-405-51,1,1,2405
197070,405,2,"Commerce Walmart",,0,24072,shp-405-51,1,1,2407
3085020,405,3,"Commerce Walmart",,0,24102,shp-405-51,1,1,2410
2017020,405,3,"Commerce Walmart",,0,24072,shp-405-51,1,1,2407
1885070,405,2,"Commerce Walmart",,0,24052,shp-405-51,1,1,2405
833070,405,2,"Commerce Walmart",,0,24082,shp-405-51,1,1,2408
843070,405,2,"Commerce Walmart",,0,24062,shp-405-51,1,1,2406
447020,405,3,"Commerce Walmart",,0,24082,shp-405-51,1,1,2408
303020,405,3,"Commerce Walmart",,0,24092,shp-405-51,1,1,2409
15020,405,3,"Commerce Walmart",,0,24082,shp-405-51,1,1,2408
900070,405,2,"Commerce Walmart",,0,24052,shp-405-51,1,1,2405
1956020,405,3,"Commerce Walmart",,0,24072,shp-405-51,1,1,2407
961070,405,2,"Commerce Walmart",,0,24082,shp-405-51,1,1,2408
1626020,405,3,"Commerce Walmart",,0,24062,shp-405-51,1,1,2406
2500070,405,2,"Commerce Walmart",,0,24102,shp-405-51,1,1,2410
2709070,405,2,"Commerce Walmart",,0,24082,shp-405-51,1,1,2408
2629070,405,2,"Jason Hargrove Transit Center",,1,24082,shp-405-01,1,1,2408
383070,405,2,"Jason Hargrove Transit Center",,1,24062,shp-405-01,1,1,2406
3098020,405,3,"Jason Hargrove Transit Center",,1,24072,shp-405-01,1,1,2407
468020,405,3,"Jason Hargrove Transit Center",,1,24082,shp-405-01,1,1,2408
525020,405,3,"Jason Hargrove Transit Center",,1,24062,shp-405-01,1,1,2406
177070,405,2,"Jason Hargrove Transit Center",,1,24072,shp-405-01,1,1,2407
3222020,405,3,"Jason Hargrove Transit Center",,1,24062,shp-405-01,1,1,2406
62020,405,3,"Jason Hargrove Transit Center",,1,24102,shp-405-01,1,1,2410
2971020,405,3,"Jason Hargrove Transit Center",,1,24092,shp-405-01,1,1,2409
2645020,405,3,"Jason Hargrove Transit Center",,1,24082,shp-405-01,1,1,2408
2485020,405,3,"Jason Hargrove Transit Center",,1,24052,shp-405-01,1,1,2405
329020,405,3,"Jason Hargrove Transit Center",,1,24102,shp-405-01,1,1,2410
1810070,405,2,"Jason Hargrove Transit Center",,1,24092,shp-405-01,1,1,2409
3406070,405,2,"Jason Hargrove Transit Center",,1,24102,shp-405-01,1,1,2410
3054070,405,2,"Jason Hargrove Transit Center",,1,24092,shp-405-01,1,1,2409
2868020,405,3,"Jason Hargrove Transit Center",,1,24062,shp-405-01,1,1,2406
2134020,405,3,"Jason Hargrove Transit Center",,1,24102,shp-405-01,1,1,2410
2398070,405,2,"Jason Hargrove Transit Center",,1,24052,shp-405-01,1,1,2405
1578020,405,3,"Jason Hargrove Transit Center",,1,24082,shp-405-01,1,1,2408
1787070,405,2,"Jason Hargrove Transit Center",,1,24052,shp-405-01,1,1,2405
1535020,405,3,"Jason Hargrove Transit Center",,1,24072,shp-405-01,1,1,2407
2583070,405,2,"Jason Hargrove Transit Center",,1,24052,shp-405-01,1,1,2405
1533070,405,2,"Jason Hargrove Transit Center",,1,24082,shp-405-01,1,1,2408
742020,405,3,"Jason Hargrove Transit Center",,1,24052,shp-405-01,1,1,2405
2758070,405,2,"Jason Hargrove Transit Center",,1,24082,shp-405-01,1,1,2408
610020,405,3,"Jason Hargrove Transit Center",,1,24092,shp-405-01,1,1,2409
2553070,405,2,"Jason Hargrove Transit Center",,1,24092,shp-405-01,1,1,2409
1436020,405,3,"Jason Hargrove Transit Center",,1,24092,shp-405-01,1,1,2409
1631020,405,3,"Jason Hargrove Transit Center",,1,24052,shp-405-01,1,1,2405
1706010,415,1,"Meijer-14 Mile",,1,24152,shp-415-02,1,1,2415
519020,415,3,"Meijer-14 Mile",,1,24152,shp-415-02,1,1,2415
813020,415,3,"Meijer-14 Mile",,1,24172,shp-415-02,1,1,2417
906070,415,2,"Meijer-14 Mile",,1,24172,shp-415-02,1,1,2417
2464070,415,2,"Meijer-14 Mile",,1,24192,shp-415-02,1,1,2419
3561070,415,2,"Meijer-14 Mile",,1,24192,shp-415-02,1,1,2419
178010,415,1,"Meijer-14 Mile",,1,24162,shp-415-02,1,1,2416
336010,415,1,"Meijer-14 Mile",,1,24182,shp-415-02,1,1,2418
1547020,415,3,"Meijer-14 Mile",,1,24152,shp-415-02,1,1,2415
998020,415,3,"Meijer-14 Mile",,1,24152,shp-415-02,1,1,2415
1570070,415,2,"Meijer-14 Mile",,1,24172,shp-415-02,1,1,2417
2160010,415,1,"Meijer-14 Mile",,1,24182,shp-415-02,1,1,2418
1446070,415,2,"Meijer-14 Mile",,1,24172,shp-415-02,1,1,2417
3002020,415,3,"Meijer-14 Mile",,1,24172,shp-415-02,1,1,2417
1311020,415,3,"Meijer-14 Mile",,1,24172,shp-415-02,1,1,2417
2494070,415,2,"Meijer-14 Mile",,1,24172,shp-415-02,1,1,2417
1278020,415,3,"Meijer-14 Mile",,1,24172,shp-415-02,1,1,2417
2079070,415,2,"Meijer-14 Mile",,1,24172,shp-415-02,1,1,2417
428010,415,1,"Meijer-14 Mile",,1,24182,shp-415-02,1,1,2418
33010,415,1,"Meijer-14 Mile",,1,24162,shp-415-02,1,1,2416
874070,415,2,"Meijer-14 Mile",,1,24192,shp-415-02,1,1,2419
32070,415,2,"Meijer-14 Mile",,1,24172,shp-415-02,1,1,2417
2424010,415,1,"Meijer-14 Mile",,1,24172,shp-415-02,1,1,2417
1032010,415,1,"Meijer-14 Mile",,1,24172,shp-415-02,1,1,2417
718020,415,3,"Meijer-14 Mile",,1,24152,shp-415-02,1,1,2415
1900010,415,1,"Meijer-14 Mile",,1,24172,shp-415-02,1,1,2417
2931020,415,3,"Meijer-14 Mile",,1,24152,shp-415-02,1,1,2415
106010,415,1,"Meijer-14 Mile",,1,24182,shp-415-02,1,1,2418
3044010,415,1,"Meijer-14 Mile",,1,24152,shp-415-02,1,1,2415
1767070,415,2,"Meijer-14 Mile",,1,24192,shp-415-02,1,1,2419
943020,415,3,"Meijer-14 Mile",,1,24152,shp-415-02,1,1,2415
2095010,415,1,"Meijer-14 Mile",,1,24182,shp-415-02,1,1,2418
1409020,415,3,"Meijer-14 Mile",,1,24172,shp-415-02,1,1,2417
1325070,415,2,"Meijer-14 Mile",,1,24172,shp-415-02,1,1,2417
3064010,415,1,"Meijer-14 Mile",,1,24162,shp-415-02,1,1,2416
2942020,415,3,"Meijer-14 Mile",,1,24172,shp-415-02,1,1,2417
3491010,415,1,"Meijer-14 Mile",,1,24152,shp-415-02,1,1,2415
2720010,415,1,"Meijer-14 Mile",,1,24152,shp-415-02,1,1,2415
493010,415,1,"Meijer-14 Mile",,1,24162,shp-415-02,1,1,2416
340010,415,1,"Meijer-14 Mile",,1,24172,shp-415-02,1,1,2417
2090020,415,3,"Meijer-14 Mile",,1,24172,shp-415-02,1,1,2417
3334070,415,2,"Meijer-14 Mile",,1,24192,shp-415-02,1,1,2419
1037070,415,2,"Meijer-14 Mile",,1,24192,shp-415-02,1,1,2419
3230070,415,2,"Meijer-14 Mile",,1,24192,shp-415-02,1,1,2419
2449020,415,3,"Meijer-14 Mile",,1,24152,shp-415-02,1,1,2415
2036010,415,1,"Meijer-14 Mile",,1,24152,shp-415-02,1,1,2415
723010,415,1,"Meijer-14 Mile",,1,24162,shp-415-02,1,1,2416
1896010,415,1,"Meijer-14 Mile",,1,24172,shp-415-02,1,1,2417
2509010,415,1,"Northland Drive",,0,24182,shp-415-52,1,1,2418
2637070,415,2,"Northland Drive",,0,24202,shp-415-52,1,1,2420
2196070,415,2,"Northland Drive",,0,24162,shp-415-52,1,1,2416
42020,415,3,"Northland Drive",,0,24182,shp-415-52,1,1,2418
3316010,415,1,"Northland Drive",,0,24162,shp-415-52,1,1,2416
2373010,415,1,"Northland Drive",,0,24172,shp-415-52,1,1,2417
1328010,415,1,"Northland Drive",,0,24182,shp-415-52,1,1,2418
239070,415,2,"Northland Drive",,0,24202,shp-415-52,1,1,2420
895020,415,3,"Northland Drive",,0,24182,shp-415-52,1,1,2418
3324010,415,1,"Northland Drive",,0,24152,shp-415-52,1,1,2415
1136010,415,1,"Northland Drive",,0,24182,shp-415-52,1,1,2418
670010,415,1,"Northland Drive",,0,24172,shp-415-52,1,1,2417
2289020,415,3,"Northland Drive",,0,24162,shp-415-52,1,1,2416
2228010,415,1,"Northland Drive",,0,24162,shp-415-52,1,1,2416
1071020,415,3,"Northland Drive",,0,24182,shp-415-52,1,1,2418
2876020,415,3,"Northland Drive",,0,24162,shp-415-52,1,1,2416
3035010,415,1,"Northland Drive",,0,24172,shp-415-52,1,1,2417
3375070,415,2,"Northland Drive",,0,24162,shp-415-52,1,1,2416
586070,415,2,"Northland Drive",,0,24162,shp-415-52,1,1,2416
1616020,415,3,"Northland Drive",,0,24162,shp-415-52,1,1,2416
174070,415,2,"Northland Drive",,0,24202,shp-415-52,1,1,2420
1339010,415,1,"Northland Drive",,0,24162,shp-415-52,1,1,2416
3162010,415,1,"Northland Drive",,0,24172,shp-415-52,1,1,2417
1460020,415,3,"Northland Drive",,0,24182,shp-415-52,1,1,2418
2984070,415,2,"Northland Drive",,0,24162,shp-415-52,1,1,2416
1753070,415,2,"Northland Drive",,0,24202,shp-415-52,1,1,2420
1333010,415,1,"Northland Drive",,0,24162,shp-415-52,1,1,2416
3071020,415,3,"Northland Drive",,0,24182,shp-415-52,1,1,2418
3281020,415,3,"Northland Drive",,0,24162,shp-415-52,1,1,2416
577020,415,3,"Northland Drive",,0,24182,shp-415-52,1,1,2418
451010,415,1,"Northland Drive",,0,24152,shp-415-52,1,1,2415
3294020,415,3,"Northland Drive",,0,24162,shp-415-52,1,1,2416
1461010,415,1,"Northland Drive",,0,24162,shp-415-52,1,1,2416
611020,415,3,"Northland Drive",,0,24182,shp-415-52,1,1,2418
348010,415,1,"Northland Drive",,0,24152,shp-415-52,1,1,2415
3394010,415,1,"Northland Drive",,0,24172,shp-415-52,1,1,2417
2210010,415,1,"Northland Drive",,0,24152,shp-415-52,1,1,2415
2029010,415,1,"Northland Drive",,0,24182,shp-415-52,1,1,2418
3240070,415,2,"Northland Drive",,0,24202,shp-415-52,1,1,2420
241070,415,2,"Northland Drive",,0,24202,shp-415-52,1,1,2420
1521010,415,1,"Northland Drive",,0,24152,shp-415-52,1,1,2415
1568070,415,2,"Northland Drive",,0,24162,shp-415-52,1,1,2416
2338020,415,3,"Northland Drive",,0,24162,shp-415-52,1,1,2416
2383070,415,2,"Northland Drive",,0,24162,shp-415-52,1,1,2416
1713020,415,3,"Northland Drive",,0,24182,shp-415-52,1,1,2418
696020,415,3,"Northland Drive",,0,24162,shp-415-52,1,1,2416
2112070,415,2,"Northland Drive",,0,24202,shp-415-52,1,1,2420
341070,415,2,"Northland Drive",,0,24162,shp-415-52,1,1,2416
1765010,415,1,"Northland Drive",,0,24182,shp-415-52,1,1,2418
1760070,420,2,"Meijer-14 Mile",,1,24162,shp-420-03,1,1,2416
1277020,420,3,"Meijer-14 Mile",,1,24162,shp-420-03,1,1,2416
2410070,420,2,"Meijer-14 Mile",,1,24202,shp-420-03,1,1,2420
3465020,420,3,"Meijer-14 Mile",,1,24182,shp-420-03,1,1,2418
38020,420,3,"Meijer-14 Mile",,1,24182,shp-420-03,1,1,2418
1127020,420,3,"Meijer-14 Mile",,1,24162,shp-420-03,1,1,2416
365020,420,3,"Meijer-14 Mile",,1,24162,shp-420-03,1,1,2416
947070,420,2,"Meijer-14 Mile",,1,24202,shp-420-03,1,1,2420
2104020,420,3,"Meijer-14 Mile",,1,24182,shp-420-03,1,1,2418
1964020,420,3,"Meijer-14 Mile",,1,24162,shp-420-03,1,1,2416
2843070,420,2,"Meijer-14 Mile",,1,24202,shp-420-03,1,1,2420
2146070,420,2,"Meijer-14 Mile",,1,24202,shp-420-03,1,1,2420
827070,420,2,"Meijer-14 Mile",,1,24162,shp-420-03,1,1,2416
2889070,420,2,"Meijer-14 Mile",,1,24162,shp-420-03,1,1,2416
1190020,420,3,"Meijer-14 Mile",,1,24182,shp-420-03,1,1,2418
149070,420,2,"Meijer-14 Mile",,1,24162,shp-420-03,1,1,2416
1149070,420,2,"Meijer-14 Mile",,1,24162,shp-420-03,1,1,2416
3409020,420,3,"Meijer-14 Mile",,1,24162,shp-420-03,1,1,2416
3534070,420,2,"Meijer-14 Mile",,1,24162,shp-420-03,1,1,2416
3026070,420,2,"Meijer-14 Mile",,1,24202,shp-420-03,1,1,2420
2813020,420,3,"Meijer-14 Mile",,1,24162,shp-420-03,1,1,2416
136070,420,2,"Meijer-14 Mile",,1,24202,shp-420-03,1,1,2420
1199020,420,3,"Meijer-14 Mile",,1,24162,shp-420-03,1,1,2416
1693070,420,2,"Meijer-14 Mile",,1,24162,shp-420-03,1,1,2416
3075020,420,3,"Meijer-14 Mile",,1,24182,shp-420-03,1,1,2418
907020,420,3,"Meijer-14 Mile",,1,24182,shp-420-03,1,1,2418
1204070,420,2,"Meijer-14 Mile",,1,24202,shp-420-03,1,1,2420
2613020,420,3,"Meijer-14 Mile",,1,24182,shp-420-03,1,1,2418
86070,420,2,"Northland",,0,24192,shp-420-53,1,1,2419
1546020,420,3,"Northland",,0,24152,shp-420-53,1,1,2415
1739070,420,2,"Northland",,0,24172,shp-420-53,1,1,2417
1478070,420,2,"Northland",,0,24192,shp-420-53,1,1,2419
2238020,420,3,"Northland",,0,24152,shp-420-53,1,1,2415
3473020,420,3,"Northland",,0,24172,shp-420-53,1,1,2417
2117020,420,3,"Northland",,0,24172,shp-420-53,1,1,2417
317070,420,2,"Northland",,0,24172,shp-420-53,1,1,2417
3050070,420,2,"Northland",,0,24172,shp-420-53,1,1,2417
1928070,420,2,"Northland",,0,24172,shp-420-53,1,1,2417
3208070,420,2,"Northland",,0,24172,shp-420-53,1,1,2417
641020,420,3,"Northland",,0,24152,shp-420-53,1,1,2415
420020,420,3,"Northland",,0,24172,shp-420-53,1,1,2417
1587020,420,3,"Northland",,0,24152,shp-420-53,1,1,2415
2607070,420,2,"Northland",,0,24172,shp-420-53,1,1,2417
1877070,420,2,"Northland",,0,24172,shp-420-53,1,1,2417
2824020,420,3,"Northland",,0,24152,shp-420-53,1,1,2415
1726020,420,3,"Northland",,0,24172,shp-420-53,1,1,2417
3006020,420,3,"Northland",,0,24152,shp-420-53,1,1,2415
1993070,420,2,"Northland",,0,24192,shp-420-53,1,1,2419
3203020,420,3,"Northland",,0,24152,shp-420-53,1,1,2415
675070,420,2,"Northland",,0,24192,shp-420-53,1,1,2419
1906070,420,2,"Northland",,0,24192,shp-420-53,1,1,2419
671020,420,3,"Northland",,0,24172,shp-420-53,1,1,2417
2166020,420,3,"Northland",,0,24172,shp-420-53,1,1,2417
1479020,420,3,"Northland",,0,24152,shp-420-53,1,1,2415
484070,420,2,"Northland",,0,24172,shp-420-53,1,1,2417
1843070,420,2,"Northland",,0,24192,shp-420-53,1,1,2419
2185020,430,3,"Adams Road via Royal Oak HS/MS",,1,24302,shp-430-03,1,1,2430
2516020,430,3,"Adams Road via Royal Oak HS/MS",,1,24332,shp-430-03,1,1,2433
1807020,430,3,"Adams Road via Royal Oak HS/MS",,1,24322,shp-430-03,1,1,2432
2969020,430,3,"Adams Road via Royal Oak HS/MS",,1,24312,shp-430-03,1,1,2431
2976020,430,3,"Adams Road",,1,24322,shp-430-04,1,1,2432
3342020,430,3,"Adams Road",,1,24302,shp-430-04,1,1,2430
2377020,430,3,"Adams Road",,1,24332,shp-430-04,1,1,2433
3117020,430,3,"Adams Road",,1,24302,shp-430-04,1,1,2430
75020,430,3,"Adams Road",,1,24312,shp-430-04,1,1,2431
927020,430,3,"Adams Road",,1,24312,shp-430-04,1,1,2431
271020,430,3,"Adams Road",,1,24312,shp-430-04,1,1,2431
2744020,430,3,"Adams Road",,1,24322,shp-430-04,1,1,2432
394020,430,3,"Adams Road",,1,24302,shp-430-04,1,1,2430
1855020,430,3,"Adams Road",,1,24322,shp-430-04,1,1,2432
803020,430,3,"Adams Road",,1,24332,shp-430-04,1,1,2433
1910020,430,3,"Adams Road",,1,24332,shp-430-04,1,1,2433
3142020,430,3,"Royal Oak Transit Center via Royal Oak HS/MS",,0,24322,shp-430-54,1,1,2432
2652020,430,3,"Royal Oak Transit Center via Royal Oak HS/MS",,0,24332,shp-430-54,1,1,2433
695020,430,3,"Royal Oak Transit Center via Royal Oak HS/MS",,0,24312,shp-430-54,1,1,2431
2727020,430,3,"Royal Oak Transit Center via Royal Oak HS/MS",,0,24302,shp-430-54,1,1,2430
2247020,430,3,"Royal Oak Transit Center",,0,24312,shp-430-53,1,1,2431
2598020,430,3,"Royal Oak Transit Center",,0,24302,shp-430-53,1,1,2430
2740020,430,3,"Royal Oak Transit Center",,0,24322,shp-430-53,1,1,2432
722020,430,3,"Royal Oak Transit Center",,0,24312,shp-430-53,1,1,2431
202020,430,3,"Royal Oak Transit Center",,0,24322,shp-430-53,1,1,2432
642020,430,3,"Royal Oak Transit Center",,0,24312,shp-430-53,1,1,2431
1154020,430,3,"Royal Oak Transit Center",,0,24302,shp-430-53,1,1,2430
1028020,430,3,"Royal Oak Transit Center",,0,24332,shp-430-53,1,1,2433
1654020,430,3,"Royal Oak Transit Center",,0,24322,shp-430-53,1,1,2432
2766020,430,3,"Royal Oak Transit Center",,0,24332,shp-430-53,1,1,2433
2534020,430,3,"Royal Oak Transit Center",,0,24302,shp-430-53,1,1,2430
2806020,430,3,"Royal Oak Transit Center",,0,24332,shp-430-53,1,1,2433
3276020,450,3,"Jason Hargrove Transit Center",,0,24582,shp-450-53,1,1,2458
1123020,450,3,"Jason Hargrove Transit Center",,0,24592,shp-450-53,1,1,2459
325070,450,2,"Jason Hargrove Transit Center",,0,24552,shp-450-53,1,1,2455
935070,450,2,"Jason Hargrove Transit Center",,0,24562,shp-450-53,1,1,2456
1769020,450,3,"Jason Hargrove Transit Center",,0,24532,shp-450-53,1,1,2453
2874070,450,2,"Jason Hargrove Transit Center",,0,24532,shp-450-53,1,1,2453
1467020,450,3,"Jason Hargrove Transit Center",,0,24582,shp-450-53,1,1,2458
837070,450,2,"Jason Hargrove Transit Center",,0,24592,shp-450-53,1,1,2459
1797020,450,3,"Jason Hargrove Transit Center",,0,24532,shp-450-53,1,1,2453
207070,450,2,"Jason Hargrove Transit Center",,0,24592,shp-450-53,1,1,2459
2305020,450,3,"Jason Hargrove Transit Center",,0,24592,shp-450-53,1,1,2459
221070,450,2,"Jason Hargrove Transit Center",,0,24612,shp-450-53,1,1,2461
3550070,450,2,"Jason Hargrove Transit Center",,0,24592,shp-450-53,1,1,2459
2473020,450,3,"Jason Hargrove Transit Center",,0,24502,shp-450-53,1,1,2450
1079010,450,1,"Jason Hargrove Transit Center",,0,24512,shp-450-53,1,1,2451
2008070,450,2,"Jason Hargrove Transit Center",,0,24532,shp-450-53,1,1,2453
1987070,450,2,"Jason Hargrove Transit Center",,0,24562,shp-450-53,1,1,2456
2030010,450,1,"Jason Hargrove Transit Center",,0,24512,shp-450-53,1,1,2451
725070,450,2,"Jason Hargrove Transit Center",,0,24612,shp-450-53,1,1,2461
2846020,450,3,"Jason Hargrove Transit Center",,0,24502,shp-450-53,1,1,2450
2405020,450,3,"Jason Hargrove Transit Center",,0,24502,shp-450-53,1,1,2450
1497010,450,1,"Jason Hargrove Transit Center",,0,24522,shp-450-53,1,1,2452
396070,450,2,"Jason Hargrove Transit Center",,0,24612,shp-450-53,1,1,2461
715020,450,3,"Jason Hargrove Transit Center",,0,24572,shp-450-53,1,1,2457
1744020,450,3,"Jason Hargrove Transit Center",,0,24502,shp-450-53,1,1,2450
1983020,450,3,"Jason Hargrove Transit Center",,0,24532,shp-450-53,1,1,2453
2955020,450,3,"Jason Hargrove Transit Center",,0,24582,shp-450-53,1,1,2458
1630070,450,2,"Jason Hargrove Transit Center",,0,24552,shp-450-53,1,1,2455
1402020,450,3,"Jason Hargrove Transit Center",,0,24582,shp-450-53,1,1,2458
3239070,450,2,"Jason Hargrove Transit Center",,0,24552,shp-450-53,1,1,2455
1456010,450,1,"Jason Hargrove Transit Center",,0,24522,shp-450-53,1,1,2452
1263070,450,2,"Jason Hargrove Transit Center",,0,24592,shp-450-53,1,1,2459
2332070,450,2,"Jason Hargrove Transit Center",,0,24502,shp-450-53,1,1,2450
3338020,450,3,"Jason Hargrove Transit Center",,0,24532,shp-450-53,1,1,2453
301070,450,2,"Jason Hargrove Transit Center",,0,24502,shp-450-53,1,1,2450
1276070,450,2,"Jason Hargrove Transit Center",,0,24502,shp-450-53,1,1,2450
2129010,450,1,"Jason Hargrove Transit Center",,0,24512,shp-450-53,1,1,2451
686070,450,2,"Jason Hargrove Transit Center",,0,24612,shp-450-53,1,1,2461
2664020,450,3,"Jason Hargrove Transit Center",,0,24572,shp-450-53,1,1,2457
701010,450,1,"Jason Hargrove Transit Center",,0,24522,shp-450-53,1,1,2452
378020,450,3,"Jason Hargrove Transit Center",,0,24502,shp-450-53,1,1,2450
681020,450,3,"Jason Hargrove Transit Center",,0,24582,shp-450-53,1,1,2458
734070,450,2,"Jason Hargrove Transit Center",,0,24502,shp-450-53,1,1,2450
2321010,450,1,"Jason Hargrove Transit Center",,0,24522,shp-450-53,1,1,2452
2156020,450,3,"Jason Hargrove Transit Center",,0,24532,shp-450-53,1,1,2453
939010,450,1,"Jason Hargrove Transit Center",,0,24512,shp-450-53,1,1,2451
1932020,450,3,"Jason Hargrove Transit Center",,0,24592,shp-450-53,1,1,2459
3341010,450,1,"Jason Hargrove Transit Center",,0,24522,shp-450-53,1,1,2452
1584070,450,2,"Pontiac",,1,24502,shp-450-01,1,1,2450
884070,450,2,"Pontiac",,1,24592,shp-450-01,1,1,2459
2032070,450,2,"Pontiac",,1,24612,shp-450-01,1,1,2461
1915020,450,3,"Pontiac",,1,24502,shp-450-01,1,1,2450
1778010,450,1,"Pontiac",,1,24512,shp-450-01,1,1,2451
3492010,450,1,"Pontiac",,1,24512,shp-450-01,1,1,2451
1041070,450,2,"Pontiac",,1,24612,shp-450-01,1,1,2461
2804010,450,1,"Pontiac",,1,24512,shp-450-01,1,1,2451
1152020,450,3,"Pontiac",,1,24532,shp-450-01,1,1,2453
2869070,450,2,"Pontiac",,1,24532,shp-450-01,1,1,2453
855020,450,3,"Pontiac",,1,24592,shp-450-01,1,1,2459
613020,450,3,"Pontiac",,1,24502,shp-450-01,1,1,2450
1427070,450,2,"Pontiac",,1,24562,shp-450-01,1,1,2456
3238010,450,1,"Pontiac",,1,24522,shp-450-01,1,1,2452
168070,450,2,"Pontiac",,1,24592,shp-450-01,1,1,2459
1518070,450,2,"Pontiac",,1,24592,shp-450-01,1,1,2459
2050020,450,3,"Pontiac",,1,24582,shp-450-01,1,1,2458
1504070,450,2,"Pontiac",,1,24562,shp-450-01,1,1,2456
3206020,450,3,"Pontiac",,1,24572,shp-450-01,1,1,2457
2947010,450,1,"Pontiac",,1,24522,shp-450-01,1,1,2452
620020,450,3,"Pontiac",,1,24532,shp-450-01,1,1,2453
979010,450,1,"Pontiac",,1,24512,shp-450-01,1,1,2451
347070,450,2,"Pontiac",,1,24502,shp-450-01,1,1,2450
1575020,450,3,"Pontiac",,1,24572,shp-450-01,1,1,2457
944020,450,3,"Pontiac",,1,24582,shp-450-01,1,1,2458
1771070,450,2,"Pontiac",,1,24502,shp-450-01,1,1,2450
901020,450,3,"Pontiac",,1,24582,shp-450-01,1,1,2458
313020,450,3,"Pontiac",,1,24502,shp-450-01,1,1,2450
1817020,450,3,"Pontiac",,1,24502,shp-450-01,1,1,2450
834070,450,2,"Pontiac",,1,24552,shp-450-01,1,1,2455
3269020,450,3,"Pontiac",,1,24532,shp-450-01,1,1,2453
2989070,450,2,"Pontiac",,1,24612,shp-450-01,1,1,2461
328010,450,1,"Pontiac",,1,24522,shp-450-01,1,1,2452
1380070,450,2,"Pontiac",,1,24552,shp-450-01,1,1,2455
2728020,450,3,"Pontiac",,1,24592,shp-450-01,1,1,2459
180070,450,2,"Pontiac",,1,24552,shp-450-01,1,1,2455
2437020,450,3,"Pontiac",,1,24502,shp-450-01,1,1,2450
2371020,450,3,"Pontiac",,1,24532,shp-450-01,1,1,2453
294020,450,3,"Pontiac",,1,24582,shp-450-01,1,1,2458
859020,450,3,"Pontiac",,1,24532,shp-450-01,1,1,2453
3124020,450,3,"Pontiac",,1,24592,shp-450-01,1,1,2459
194070,450,2,"Pontiac",,1,24612,shp-450-01,1,1,2461
3030010,450,1,"Pontiac",,1,24522,shp-450-01,1,1,2452
273070,450,2,"Pontiac",,1,24592,shp-450-01,1,1,2459
252070,450,2,"Pontiac",,1,24552,shp-450-01,1,1,2455
76070,450,2,"Pontiac",,1,24502,shp-450-01,1,1,2450
3559070,460,2,"Jason Hargrove Transit Center via Royal Oak",,0,24602,shp-460-52,1,1,2460
3401070,460,2,"Jason Hargrove Transit Center via Royal Oak",,0,24582,shp-460-52,1,1,2458
2096010,460,1,"Jason Hargrove Transit Center via Royal Oak",,0,24502,shp-460-52,1,1,2450
2316020,460,3,"Jason Hargrove Transit Center via Royal Oak",,0,24562,shp-460-52,1,1,2456
648010,460,1,"Jason Hargrove Transit Center via Royal Oak",,0,24502,shp-460-52,1,1,2450
3517070,460,2,"Jason Hargrove Transit Center via Royal Oak",,0,24522,shp-460-52,1,1,2452
2126070,460,2,"Jason Hargrove Transit Center via Royal Oak",,0,24542,shp-460-52,1,1,2454
1882070,460,2,"Jason Hargrove Transit Center via Royal Oak",,0,24572,shp-460-52,1,1,2457
2236070,460,2,"Jason Hargrove Transit Center via Royal Oak",,0,24542,shp-460-52,1,1,2454
3570020,460,3,"Jason Hargrove Transit Center via Royal Oak",,0,24552,shp-460-52,1,1,2455
2267070,460,2,"Jason Hargrove Transit Center via Royal Oak",,0,24542,shp-460-52,1,1,2454
1676010,460,1,"Jason Hargrove Transit Center via Royal Oak",,0,24532,shp-460-52,1,1,2453
1345070,460,2,"Jason Hargrove Transit Center via Royal Oak",,0,24522,shp-460-52,1,1,2452
2794020,460,3,"Jason Hargrove Transit Center via Royal Oak",,0,24522,shp-460-52,1,1,2452
1259010,460,1,"Jason Hargrove Transit Center via Royal Oak",,0,24502,shp-460-52,1,1,2450
1179020,460,3,"Jason Hargrove Transit Center via Royal Oak",,0,24562,shp-460-52,1,1,2456
2952070,460,2,"Jason Hargrove Transit Center via Royal Oak",,0,24572,shp-460-52,1,1,2457
2674020,460,3,"Jason Hargrove Transit Center via Royal Oak",,0,24522,shp-460-52,1,1,2452
2402070,460,2,"Jason Hargrove Transit Center via Royal Oak",,0,24602,shp-460-52,1,1,2460
3192020,460,3,"Jason Hargrove Transit Center via Royal Oak",,0,24512,shp-460-52,1,1,2451
3020020,460,3,"Jason Hargrove Transit Center via Royal Oak",,0,24552,shp-460-52,1,1,2455
3573070,460,2,"Jason Hargrove Transit Center via Royal Oak",,0,24522,shp-460-52,1,1,2452
691070,460,2,"Jason Hargrove Transit Center via Royal Oak",,0,24602,shp-460-52,1,1,2460
1747020,460,3,"Jason Hargrove Transit Center via Royal Oak",,0,24552,shp-460-52,1,1,2455
2192010,460,1,"Jason Hargrove Transit Center via Royal Oak",,0,24532,shp-460-52,1,1,2453
2577010,460,1,"Jason Hargrove Transit Center via Royal Oak",,0,24532,shp-460-52,1,1,2453
504010,460,1,"Jason Hargrove Transit Center via Royal Oak",,0,24532,shp-460-52,1,1,2453
299070,460,2,"Jason Hargrove Transit Center via Royal Oak",,0,24542,shp-460-52,1,1,2454
1961020,460,3,"Jason Hargrove Transit Center via Royal Oak",,0,24512,shp-460-52,1,1,2451
3060070,460,2,"Jason Hargrove Transit Center via Royal Oak",,0,24582,shp-460-52,1,1,2458
1351010,460,1,"Jason Hargrove Transit Center via Royal Oak",,0,24502,shp-460-52,1,1,2450
43020,460,3,"Jason Hargrove Transit Center via Royal Oak",,0,24522,shp-460-52,1,1,2452
1653010,460,1,"Jason Hargrove Transit Center via Royal Oak",,0,24502,shp-460-52,1,1,2450
1441070,460,2,"Jason Hargrove Transit Center via Royal Oak",,0,24582,shp-460-52,1,1,2458
122020,460,3,"Jason Hargrove Transit Center via Royal Oak",,0,24562,shp-460-52,1,1,2456
3279020,460,3,"Jason Hargrove Transit Center via Royal Oak",,0,24512,shp-460-52,1,1,2451
176020,460,3,"Jason Hargrove Transit Center via Royal Oak",,0,24562,shp-460-52,1,1,2456
2536070,460,2,"Jason Hargrove Transit Center via Royal Oak",,0,24522,shp-460-52,1,1,2452
1685070,460,2,"Jason Hargrove Transit Center via Royal Oak",,0,24542,shp-460-52,1,1,2454
3521070,460,2,"Jason Hargrove Transit Center via Royal Oak",,0,24582,shp-460-52,1,1,2458
537070,460,2,"Jason Hargrove Transit Center via Royal Oak",,0,24602,shp-460-52,1,1,2460
2796020,460,3,"Jason Hargrove Transit Center via Royal Oak",,0,24522,shp-460-52,1,1,2452
3229010,460,1,"Jason Hargrove Transit Center via Royal Oak",,0,24532,shp-460-52,1,1,2453
2860020,460,3,"Jason Hargrove Transit Center via Royal Oak",,0,24562,shp-460-52,1,1,2456
3278020,460,3,"Jason Hargrove Transit Center via Royal Oak",,0,24552,shp-460-52,1,1,2455
533020,460,3,"Jason Hargrove Transit Center via Royal Oak",,0,24542,shp-460-52,1,1,2454
1532020,460,3,"Jason Hargrove Transit Center via Royal Oak",,0,24512,shp-460-52,1,1,2451
3059020,460,3,"Jason Hargrove Transit Center via Royal Oak",,0,24552,shp-460-52,1,1,2455
1273020,460,3,"Somerset via Royal Oak",,1,24552,shp-460-01,1,1,2455
3288010,460,1,"Somerset via Royal Oak",,1,24532,shp-460-01,1,1,2453
2422020,460,3,"Somerset via Royal Oak",,1,24562,shp-460-01,1,1,2456
1790020,460,3,"Somerset via Royal Oak",,1,24552,shp-460-01,1,1,2455
1317070,460,2,"Somerset via Royal Oak",,1,24602,shp-460-01,1,1,2460
1608070,460,2,"Somerset via Royal Oak",,1,24582,shp-460-01,1,1,2458
1321070,460,2,"Somerset via Royal Oak",,1,24542,shp-460-01,1,1,2454
80070,460,2,"Somerset via Royal Oak",,1,24522,shp-460-01,1,1,2452
1605010,460,1,"Somerset via Royal Oak",,1,24532,shp-460-01,1,1,2453
2292070,460,2,"Somerset via Royal Oak",,1,24582,shp-460-01,1,1,2458
40070,460,2,"Somerset via Royal Oak",,1,24522,shp-460-01,1,1,2452
506070,460,2,"Somerset via Royal Oak",,1,24572,shp-460-01,1,1,2457
1686070,460,2,"Somerset via Royal Oak",,1,24522,shp-460-01,1,1,2452
3143010,460,1,"Somerset via Royal Oak",,1,24502,shp-460-01,1,1,2450
604020,460,3,"Somerset via Royal Oak",,1,24552,shp-460-01,1,1,2455
2280010,460,1,"Somerset via Royal Oak",,1,24502,shp-460-01,1,1,2450
74070,460,2,"Somerset via Royal Oak",,1,24542,shp-460-01,1,1,2454
1334070,460,2,"Somerset via Royal Oak",,1,24582,shp-460-01,1,1,2458
1813020,460,3,"Somerset via Royal Oak",,1,24522,shp-460-01,1,1,2452
1864020,460,3,"Somerset via Royal Oak",,1,24512,shp-460-01,1,1,2451
1909010,460,1,"Somerset via Royal Oak",,1,24502,shp-460-01,1,1,2450
2737020,460,3,"Somerset via Royal Oak",,1,24512,shp-460-01,1,1,2451
1526070,460,2,"Somerset via Royal Oak",,1,24522,shp-460-01,1,1,2452
2216020,460,3,"Somerset via Royal Oak",,1,24512,shp-460-01,1,1,2451
2700010,460,1,"Somerset via Royal Oak",,1,24502,shp-460-01,1,1,2450
1636010,460,1,"Somerset via Royal Oak",,1,24532,shp-460-01,1,1,2453
400020,460,3,"Somerset via Royal Oak",,1,24522,shp-460-01,1,1,2452
66070,460,2,"Somerset via Royal Oak",,1,24602,shp-460-01,1,1,2460
489070,460,2,"Somerset via Royal Oak",,1,24602,shp-460-01,1,1,2460
3448010,460,1,"Somerset via Royal Oak",,1,24532,shp-460-01,1,1,2453
1186020,460,3,"Somerset via Royal Oak",,1,24522,shp-460-01,1,1,2452
612020,460,3,"Somerset via Royal Oak",,1,24522,shp-460-01,1,1,2452
3404070,460,2,"Somerset via Royal Oak",,1,24602,shp-460-01,1,1,2460
2283020,460,3,"Somerset via Royal Oak",,1,24512,shp-460-01,1,1,2451
2789020,460,3,"Somerset via Royal Oak",,1,24552,shp-460-01,1,1,2455
3174070,460,2,"Somerset via Royal Oak",,1,24542,shp-460-01,1,1,2454
2888020,460,3,"Somerset via Royal Oak",,1,24552,shp-460-01,1,1,2455
1313020,460,3,"Somerset via Royal Oak",,1,24562,shp-460-01,1,1,2456
2579070,460,2,"Somerset via Royal Oak",,1,24582,shp-460-01,1,1,2458
2893070,460,2,"Somerset via Royal Oak",,1,24542,shp-460-01,1,1,2454
2441020,460,3,"Somerset via Royal Oak",,1,24552,shp-460-01,1,1,2455
2676020,460,3,"Somerset via Royal Oak",,1,24562,shp-460-01,1,1,2456
1916010,460,1,"Somerset via Royal Oak",,1,24502,shp-460-01,1,1,2450
156020,460,3,"Somerset via Royal Oak",,1,24562,shp-460-01,1,1,2456
1252070,460,2,"Somerset via Royal Oak",,1,24582,shp-460-01,1,1,2458
876020,460,3,"Somerset via Royal Oak",,1,24512,shp-460-01,1,1,2451
2259020,460,3,"Somerset via Royal Oak",,1,24562,shp-460-01,1,1,2456
1369070,460,2,"Somerset via Royal Oak",,1,24542,shp-460-01,1,1,2454
677020,461,3,"Detroit",,0,22465461,shp-461-51,1,1,22465
1534020,461,3,"Detroit",,0,22473461,shp-461-51,1,1,22473
3366070,461,2,"Detroit",,0,22473461,shp-461-51,1,1,22473
2354020,461,3,"Detroit",,0,22464461,shp-461-51,1,1,22464
2699020,461,3,"Detroit",,0,22463461,shp-461-51,1,1,22463
12010,461,1,"Detroit",,0,22468461,shp-461-51,1,1,22468
2914070,461,2,"Detroit",,0,22464461,shp-461-51,1,1,22464
2551020,461,3,"Detroit",,0,22469461,shp-461-51,1,1,22469
1949070,461,2,"Detroit",,0,22473461,shp-461-51,1,1,22473
189020,461,3,"Detroit",,0,22470461,shp-461-51,1,1,22470
905070,461,2,"Detroit",,0,22472461,shp-461-51,1,1,22472
2350020,461,3,"Detroit",,0,22464461,shp-461-51,1,1,22464
1036010,461,1,"Detroit",,0,22462461,shp-461-51,1,1,22462
498010,461,1,"Detroit",,0,22462461,shp-461-51,1,1,22462
2046020,461,3,"Detroit",,0,22465461,shp-461-51,1,1,22465
1519010,461,1,"Detroit",,0,22461461,shp-461-51,1,1,22461
649020,461,3,"Detroit",,0,22462461,shp-461-51,1,1,22462
2995020,461,3,"Detroit",,0,22474461,shp-461-51,1,1,22474
3453020,461,3,"Detroit",,0,22466461,shp-461-51,1,1,22466
2195010,461,1,"Detroit",,0,22465461,shp-461-51,1,1,22465
503010,461,1,"Detroit",,0,22462461,shp-461-51,1,1,22462
1047070,461,2,"Detroit",,0,22463461,shp-461-51,1,1,22463
2905070,461,2,"Detroit",,0,22466461,shp-461-51,1,1,22466
1065070,461,2,"Detroit",,0,22466461,shp-461-51,1,1,22466
1556020,461,3,"Detroit",,0,22463461,shp-461-51,1,1,22463
951020,461,3,"Detroit",,0,22472461,shp-461-51,1,1,22472
277070,461,2,"Detroit",,0,22463461,shp-461-51,1,1,22463
3490010,461,1,"Detroit",,0,22465461,shp-461-51,1,1,22465
2012020,461,3,"Detroit",,0,22463461,shp-461-51,1,1,22463
2152020,461,3,"Detroit",,0,22467461,shp-461-51,1,1,22467
2253070,461,2,"Detroit",,0,22463461,shp-461-51,1,1,22463
1458070,461,2,"Detroit",,0,22463461,shp-461-51,1,1,22463
69020,461,3,"Detroit",,0,22462461,shp-461-51,1,1,22462
2927020,461,3,"Detroit",,0,22466461,shp-461-51,1,1,22466
1718070,461,2,"Detroit",,0,22464461,shp-461-51,1,1,22464
2792020,461,3,"Detroit",,0,22461461,shp-461-51,1,1,22461
1235020,461,3,"Detroit",,0,22470461,shp-461-51,1,1,22470
2616070,461,2,"Detroit",,0,22463461,shp-461-51,1,1,22463
797010,461,1,"Detroit",,0,22461461,shp-461-51,1,1,22461
1721020,461,3,"Detroit",,0,22469461,shp-461-51,1,1,22469
2295020,461,3,"Detroit",,0,22468461,shp-461-51,1,1,22468
3134070,461,2,"Detroit",,0,22464461,shp-461-51,1,1,22464
928020,461,3,"Detroit",,0,22472461,shp-461-51,1,1,22472
1663070,461,2,"Detroit",,0,22472461,shp-461-51,1,1,22472
2091020,461,3,"Detroit",,0,22461461,shp-461-51,1,1,22461
1043070,461,2,"Detroit",,0,22464461,shp-461-51,1,1,22464
1335020,461,3,"Detroit",,0,22465461,shp-461-51,1,1,22465
158020,461,3,"Detroit",,0,22468461,shp-461-51,1,1,22468
3063010,461,1,"Detroit",,0,22468461,shp-461-51,1,1,22468
61010,461,1,"Detroit",,0,22465461,shp-461-51,1,1,22465
1589020,461,3,"Detroit",,0,22462461,shp-461-51,1,1,22462
1295020,461,3,"Detroit",,0,22475461,shp-461-51,1,1,22475
894020,461,3,"Detroit",,0,22469461,shp-461-51,1,1,22469
836070,461,2,"Detroit",,0,22463461,shp-461-51,1,1,22463
1440070,461,2,"Detroit",,0,22466461,shp-461-51,1,1,22466
1836020,461,3,"Detroit",,0,22461461,shp-461-51,1,1,22461
1779070,461,2,"Detroit",,0,22473461,shp-461-51,1,1,22473
1344010,461,1,"Detroit",,0,22468461,shp-461-51,1,1,22468
279070,461,2,"Detroit",,0,22472461,shp-461-51,1,1,22472
330070,461,2,"Troy Park & Ride via Somerset",,1,22473461,shp-461-01,1,1,22473
3061010,461,1,"Troy Park & Ride via Somerset",,1,22468461,shp-461-01,1,1,22468
3065070,461,2,"Troy Park & Ride via Somerset",,1,22472461,shp-461-01,1,1,22472
2446020,461,3,"Troy Park & Ride via Somerset",,1,22465461,shp-461-01,1,1,22465
975070,461,2,"Troy Park & Ride via Somerset",,1,22464461,shp-461-01,1,1,22464
1919010,461,1,"Troy Park & Ride via Somerset",,1,22462461,shp-461-01,1,1,22462
1138020,461,3,"Troy Park & Ride via Somerset",,1,22461461,shp-461-01,1,1,22461
3572020,461,3,"Troy Park & Ride via Somerset",,1,22475461,shp-461-01,1,1,22475
3094070,461,2,"Troy Park & Ride via Somerset",,1,22463461,shp-461-01,1,1,22463
2934070,461,2,"Troy Park & Ride via Somerset",,1,22472461,shp-461-01,1,1,22472
2385070,461,2,"Troy Park & Ride via Somerset",,1,22466461,shp-461-01,1,1,22466
1076070,461,2,"Troy Park & Ride via Somerset",,1,22473461,shp-461-01,1,1,22473
3438010,461,1,"Troy Park & Ride via Somerset",,1,22461461,shp-461-01,1,1,22461
1695020,461,3,"Troy Park & Ride via Somerset",,1,22464461,shp-461-01,1,1,22464
510010,461,1,"Troy Park & Ride via Somerset",,1,22465461,shp-461-01,1,1,22465
3408020,461,3,"Troy Park & Ride via Somerset",,1,22462461,shp-461-01,1,1,22462
1815010,461,1,"Troy Park & Ride via Somerset",,1,22468461,shp-461-01,1,1,22468
1939010,461,1,"Troy Park & Ride via Somerset",,1,22465461,shp-461-01,1,1,22465
386020,461,3,"Troy Park & Ride via Somerset",,1,22473461,shp-461-01,1,1,22473
188070,461,2,"Troy Park & Ride via Somerset",,1,22463461,shp-461-01,1,1,22463
153020,461,3,"Troy Park & Ride via Somerset",,1,22469461,shp-461-01,1,1,22469
3099070,461,2,"Troy Park & Ride via Somerset",,1,22463461,shp-461-01,1,1,22463
286070,461,2,"Troy Park & Ride via Somerset",,1,22472461,shp-461-01,1,1,22472
1367010,461,1,"Troy Park & Ride via Somerset",,1,22462461,shp-461-01,1,1,22462
2641070,461,2,"Troy Park & Ride via Somerset",,1,22466461,shp-461-01,1,1,22466
65020,461,3,"Troy Park & Ride via Somerset",,1,22465461,shp-461-01,1,1,22465
3138020,461,3,"Troy Park & Ride via Somerset",,1,22463461,shp-461-01,1,1,22463
3560020,461,3,"Troy Park & Ride via Somerset",,1,22465461,shp-461-01,1,1,22465
1337020,461,3,"Troy Park & Ride via Somerset",,1,22461461,shp-461-01,1,1,22461
3118010,461,1,"Troy Park & Ride via Somerset",,1,22462461,shp-461-01,1,1,22462
2337070,461,2,"Troy Park & Ride via Somerset",,1,22464461,shp-461-01,1,1,22464
1703020,461,3,"Troy Park & Ride via Somerset",,1,22468461,shp-461-01,1,1,22468
2387020,461,3,"Troy Park & Ride via Somerset",,1,22463461,shp-461-01,1,1,22463
196020,461,3,"Troy Park & Ride via Somerset",,1,22464461,shp-461-01,1,1,22464
2178020,461,3,"Troy Park & Ride via Somerset",,1,22462461,shp-461-01,1,1,22462
3236020,461,3,"Troy Park & Ride via Somerset",,1,22467461,shp-461-01,1,1,22467
2838020,461,3,"Troy Park & Ride via Somerset",,1,22469461,shp-461-01,1,1,22469
3128070,461,2,"Troy Park & Ride via Somerset",,1,22463461,shp-461-01,1,1,22463
57020,461,3,"Troy Park & Ride via Somerset",,1,22463461,shp-461-01,1,1,22463
2742010,461,1,"Troy Park & Ride via Somerset",,1,22468461,shp-461-01,1,1,22468
1572070,461,2,"Troy Park & Ride via Somerset",,1,22463461,shp-461-01,1,1,22463
1890010,461,1,"Troy Park & Ride via Somerset",,1,22461461,shp-461-01,1,1,22461
3441070,461,2,"Troy Park & Ride via Somerset",,1,22466461,shp-461-01,1,1,22466
658070,461,2,"Troy Park & Ride via Somerset",,1,22463461,shp-461-01,1,1,22463
204020,461,3,"Troy Park & Ride via Somerset",,1,22461461,shp-461-01,1,1,22461
818010,461,1,"Troy Park & Ride via Somerset",,1,22465461,shp-461-01,1,1,22465
1453020,461,3,"Troy Park & Ride via Somerset",,1,22466461,shp-461-01,1,1,22466
337070,461,2,"Troy Park & Ride via Somerset",,1,22464461,shp-461-01,1,1,22464
1805020,461,3,"Troy Park & Ride via Somerset",,1,22474461,shp-461-01,1,1,22474
1143020,461,3,"Troy Park & Ride via Somerset",,1,22469461,shp-461-01,1,1,22469
3082070,461,2,"Troy Park & Ride via Somerset",,1,22473461,shp-461-01,1,1,22473
2346020,461,3,"Troy Park & Ride via Somerset",,1,22467461,shp-461-01,1,1,22467
1306070,461,2,"Troy Park & Ride via Somerset",,1,22463461,shp-461-01,1,1,22463
482020,461,3,"Troy Park & Ride via Somerset",,1,22475461,shp-461-01,1,1,22475
896020,461,3,"Troy Park & Ride via Somerset",,1,22462461,shp-461-01,1,1,22462
1469010,461,1,"Troy Park & Ride via Somerset",,1,22461461,shp-461-01,1,1,22461
3273020,461,3,"Troy Park & Ride via Somerset",,1,22472461,shp-461-01,1,1,22472
1637020,461,3,"Troy Park & Ride via Somerset",,1,22464461,shp-461-01,1,1,22464
3003020,461,3,"Troy Park & Ride via Somerset",,1,22473461,shp-461-01,1,1,22473
625020,461,3,"Troy Park & Ride via Somerset",,1,22470461,shp-461-01,1,1,22470
1128070,462,2,"Auburn Mile via Pontiac",,1,22465461,shp-462-01,1,1,22465
679010,462,1,"Auburn Mile via Pontiac",,1,22463461,shp-462-01,1,1,22463
3399020,462,3,"Auburn Mile via Pontiac",,1,22466461,shp-462-01,1,1,22466
608020,462,3,"Auburn Mile via Pontiac",,1,22464461,shp-462-01,1,1,22464
3429070,462,2,"Auburn Mile via Pontiac",,1,22469461,shp-462-01,1,1,22469
1457070,462,2,"Auburn Mile via Pontiac",,1,22462461,shp-462-01,1,1,22462
2512010,462,1,"Auburn Mile via Pontiac",,1,22466461,shp-462-01,1,1,22466
838070,462,2,"Auburn Mile via Pontiac",,1,22471461,shp-462-01,1,1,22471
1170070,462,2,"Auburn Mile via Pontiac",,1,22461461,shp-462-01,1,1,22461
594020,462,3,"Auburn Mile via Pontiac",,1,22468461,shp-462-01,1,1,22468
550020,462,3,"Auburn Mile via Pontiac",,1,22463461,shp-462-01,1,1,22463
2506020,462,3,"Auburn Mile via Pontiac",,1,22472461,shp-462-01,1,1,22472
2559020,462,3,"Auburn Mile via Pontiac",,1,22472461,shp-462-01,1,1,22472
2594020,462,3,"Auburn Mile via Pontiac",,1,22467461,shp-462-01,1,1,22467
314070,462,2,"Auburn Mile via Pontiac",,1,22467461,shp-462-01,1,1,22467
421010,462,1,"Auburn Mile via Pontiac",,1,22466461,shp-462-01,1,1,22466
1839070,462,2,"Auburn Mile via Pontiac",,1,22470461,shp-462-01,1,1,22470
2774020,462,3,"Auburn Mile via Pontiac",,1,22465461,shp-462-01,1,1,22465
1356070,462,2,"Auburn Mile via Pontiac",,1,22468461,shp-462-01,1,1,22468
916010,462,1,"Auburn Mile via Pontiac",,1,22464461,shp-462-01,1,1,22464
1140070,462,2,"Auburn Mile via Pontiac",,1,22470461,shp-462-01,1,1,22470
3513020,462,3,"Auburn Mile via Pontiac",,1,22475461,shp-462-01,1,1,22475
21070,462,2,"Auburn Mile via Pontiac",,1,22469461,shp-462-01,1,1,22469
2016020,462,3,"Auburn Mile via Pontiac",,1,22473461,shp-462-01,1,1,22473
747070,462,2,"Auburn Mile via Pontiac",,1,22471461,shp-462-01,1,1,22471
698020,462,3,"Auburn Mile via Pontiac",,1,22466461,shp-462-01,1,1,22466
1150020,462,3,"Auburn Mile via Pontiac",,1,22465461,shp-462-01,1,1,22465
3106020,462,3,"Auburn Mile via Pontiac",,1,22474461,shp-462-01,1,1,22474
2406010,462,1,"Auburn Mile via Pontiac",,1,22463461,shp-462-01,1,1,22463
407020,462,3,"Auburn Mile via Pontiac",,1,22469461,shp-462-01,1,1,22469
2610020,462,3,"Auburn Mile via Pontiac",,1,22465461,shp-462-01,1,1,22465
1812020,462,3,"Auburn Mile via Pontiac",,1,22462461,shp-462-01,1,1,22462
2529020,462,3,"Auburn Mile via Pontiac",,1,22463461,shp-462-01,1,1,22463
3457070,462,2,"Auburn Mile via Pontiac",,1,22467461,shp-462-01,1,1,22467
783010,462,1,"Auburn Mile via Pontiac",,1,22467461,shp-462-01,1,1,22467
2844020,462,3,"Auburn Mile via Pontiac",,1,22474461,shp-462-01,1,1,22474
3557070,462,2,"Auburn Mile via Pontiac",,1,22465461,shp-462-01,1,1,22465
1198020,462,3,"Auburn Mile via Pontiac",,1,22462461,shp-462-01,1,1,22462
2561020,462,3,"Auburn Mile via Pontiac",,1,22463461,shp-462-01,1,1,22463
1627020,462,3,"Auburn Mile via Pontiac",,1,22461461,shp-462-01,1,1,22461
1673020,462,3,"Auburn Mile via Pontiac",,1,22462461,shp-462-01,1,1,22462
662020,462,3,"Auburn Mile via Pontiac",,1,22470461,shp-462-01,1,1,22470
2391070,462,2,"Auburn Mile via Pontiac",,1,22468461,shp-462-01,1,1,22468
471020,462,3,"Auburn Mile via Pontiac",,1,22469461,shp-462-01,1,1,22469
2120070,462,2,"Auburn Mile via Pontiac",,1,22462461,shp-462-01,1,1,22462
436070,462,2,"Auburn Mile via Pontiac",,1,22461461,shp-462-01,1,1,22461
1281020,462,3,"Auburn Mile via Pontiac",,1,22464461,shp-462-01,1,1,22464
3370020,462,3,"Auburn Mile via Pontiac",,1,22461461,shp-462-01,1,1,22461
2033020,462,3,"Auburn Mile via Pontiac",,1,22469461,shp-462-01,1,1,22469
3029010,462,1,"Auburn Mile via Pontiac",,1,22464461,shp-462-01,1,1,22464
1489020,462,3,"Auburn Mile via Pontiac",,1,22461461,shp-462-01,1,1,22461
2080020,462,3,"Auburn Mile via Pontiac",,1,22464461,shp-462-01,1,1,22464
2392070,462,2,"Auburn Mile via Pontiac",,1,22470461,shp-462-01,1,1,22470
3038010,462,1,"Auburn Mile via Pontiac",,1,22467461,shp-462-01,1,1,22467
2707070,462,2,"Auburn Mile via Pontiac",,1,22468461,shp-462-01,1,1,22468
2103020,462,3,"Auburn Mile via Pontiac",,1,22468461,shp-462-01,1,1,22468
3306020,462,3,"Detroit",,0,22475461,shp-462-51,1,1,22475
2959020,462,3,"Detroit",,0,22464461,shp-462-51,1,1,22464
1340020,462,3,"Detroit",,0,22464461,shp-462-51,1,1,22464
697010,462,1,"Detroit",,0,22467461,shp-462-51,1,1,22467
1296070,462,2,"Detroit",,0,22470461,shp-462-51,1,1,22470
2840070,462,2,"Detroit",,0,22462461,shp-462-51,1,1,22462
2842020,462,3,"Detroit",,0,22474461,shp-462-51,1,1,22474
1312020,462,3,"Detroit",,0,22470461,shp-462-51,1,1,22470
635020,462,3,"Detroit",,0,22469461,shp-462-51,1,1,22469
1751020,462,3,"Detroit",,0,22461461,shp-462-51,1,1,22461
3545020,462,3,"Detroit",,0,22465461,shp-462-51,1,1,22465
2802020,462,3,"Detroit",,0,22465461,shp-462-51,1,1,22465
352070,462,2,"Detroit",,0,22468461,shp-462-51,1,1,22468
222070,462,2,"Detroit",,0,22469461,shp-462-51,1,1,22469
54010,462,1,"Detroit",,0,22463461,shp-462-51,1,1,22463
1604010,462,1,"Detroit",,0,22464461,shp-462-51,1,1,22464
2417020,462,3,"Detroit",,0,22465461,shp-462-51,1,1,22465
2262020,462,3,"Detroit",,0,22462461,shp-462-51,1,1,22462
2467020,462,3,"Detroit",,0,22464461,shp-462-51,1,1,22464
2712020,462,3,"Detroit",,0,22469461,shp-462-51,1,1,22469
3425020,462,3,"Detroit",,0,22468461,shp-462-51,1,1,22468
1612070,462,2,"Detroit",,0,22462461,shp-462-51,1,1,22462
2791020,462,3,"Detroit",,0,22463461,shp-462-51,1,1,22463
192070,462,2,"Detroit",,0,22462461,shp-462-51,1,1,22462
2281010,462,1,"Detroit",,0,22466461,shp-462-51,1,1,22466
1365020,462,3,"Detroit",,0,22473461,shp-462-51,1,1,22473
646070,462,2,"Detroit",,0,22471461,shp-462-51,1,1,22471
3445070,462,2,"Detroit",,0,22461461,shp-462-51,1,1,22461
2108070,462,2,"Detroit",,0,22467461,shp-462-51,1,1,22467
579020,462,3,"Detroit",,0,22466461,shp-462-51,1,1,22466
708010,462,1,"Detroit",,0,22466461,shp-462-51,1,1,22466
3547020,462,3,"Detroit",,0,22463461,shp-462-51,1,1,22463
237020,462,3,"Detroit",,0,22467461,shp-462-51,1,1,22467
1379070,462,2,"Detroit",,0,22461461,shp-462-51,1,1,22461
3047070,462,2,"Detroit",,0,22468461,shp-462-51,1,1,22468
1069070,462,2,"Detroit",,0,22469461,shp-462-51,1,1,22469
633020,462,3,"Detroit",,0,22469461,shp-462-51,1,1,22469
2922020,462,3,"Detroit",,0,22473461,shp-462-51,1,1,22473
536070,462,2,"Detroit",,0,22467461,shp-462-51,1,1,22467
664020,462,3,"Detroit",,0,22463461,shp-462-51,1,1,22463
2251020,462,3,"Detroit",,0,22461461,shp-462-51,1,1,22461
2556070,462,2,"Detroit",,0,22469461,shp-462-51,1,1,22469
1175070,462,2,"Detroit",,0,22471461,shp-462-51,1,1,22471
2476070,462,2,"Detroit",,0,22465461,shp-462-51,1,1,22465
2407020,462,3,"Detroit",,0,22475461,shp-462-51,1,1,22475
1215070,462,2,"Detroit",,0,22470461,shp-462-51,1,1,22470
2330020,462,3,"Detroit",,0,22462461,shp-462-51,1,1,22462
1044070,462,2,"Detroit",,0,22465461,shp-462-51,1,1,22465
1428020,462,3,"Detroit",,0,22472461,shp-462-51,1,1,22472
685020,462,3,"Detroit",,0,22461461,shp-462-51,1,1,22461
2436010,462,1,"Detroit",,0,22467461,shp-462-51,1,1,22467
2897070,462,2,"Detroit",,0,22461461,shp-462-51,1,1,22461
1826020,462,3,"Detroit",,0,22467461,shp-462-51,1,1,22467
2816010,462,1,"Detroit",,0,22463461,shp-462-51,1,1,22463
128020,462,3,"Detroit",,0,22462461,shp-462-51,1,1,22462
319010,462,1,"Detroit",,0,22464461,shp-462-51,1,1,22464
2496020,492,3,"Jason Hargrove Transit Center",,0,24772,shp-492-53,1,1,2477
1477020,492,3,"Jason Hargrove Transit Center",,0,24732,shp-492-53,1,1,2473
1437020,492,3,"Jason Hargrove Transit Center",,0,24752,shp-492-53,1,1,2475
434070,492,2,"Jason Hargrove Transit Center",,0,24752,shp-492-53,1,1,2475
3068020,492,3,"Jason Hargrove Transit Center",,0,24712,shp-492-53,1,1,2471
3575020,492,3,"Jason Hargrove Transit Center",,0,24712,shp-492-53,1,1,2471
1121070,492,2,"Jason Hargrove Transit Center",,0,24722,shp-492-53,1,1,2472
732070,492,2,"Jason Hargrove Transit Center",,0,24702,shp-492-53,1,1,2470
628020,492,3,"Jason Hargrove Transit Center",,0,24722,shp-492-53,1,1,2472
3260070,492,2,"Jason Hargrove Transit Center",,0,24732,shp-492-53,1,1,2473
2124020,492,3,"Jason Hargrove Transit Center",,0,24702,shp-492-53,1,1,2470
335020,492,3,"Jason Hargrove Transit Center",,0,24732,shp-492-53,1,1,2473
1360070,492,2,"Jason Hargrove Transit Center",,0,24712,shp-492-53,1,1,2471
1617070,492,2,"Jason Hargrove Transit Center",,0,24762,shp-492-53,1,1,2476
835070,492,2,"Jason Hargrove Transit Center",,0,24742,shp-492-53,1,1,2474
2549020,492,3,"Jason Hargrove Transit Center",,0,24752,shp-492-53,1,1,2475
2164020,492,3,"Jason Hargrove Transit Center",,0,24752,shp-492-53,1,1,2475
1840070,492,2,"Jason Hargrove Transit Center",,0,24732,shp-492-53,1,1,2473
2621070,492,2,"Jason Hargrove Transit Center",,0,24752,shp-492-53,1,1,2475
1375070,492,2,"Jason Hargrove Transit Center",,0,24722,shp-492-53,1,1,2472
3135020,492,3,"Jason Hargrove Transit Center",,0,24702,shp-492-53,1,1,2470
781020,492,3,"Jason Hargrove Transit Center",,0,24742,shp-492-53,1,1,2474
2725070,492,2,"Jason Hargrove Transit Center",,0,24712,shp-492-53,1,1,2471
1816020,492,3,"Jason Hargrove Transit Center",,0,24742,shp-492-53,1,1,2474
1022020,492,3,"Jason Hargrove Transit Center",,0,24772,shp-492-53,1,1,2477
233070,492,2,"Jason Hargrove Transit Center",,0,24772,shp-492-53,1,1,2477
3033020,492,3,"Jason Hargrove Transit Center",,0,24722,shp-492-53,1,1,2472
3153020,492,3,"Jason Hargrove Transit Center",,0,24722,shp-492-52,1,1,2472
2724070,492,2,"Jason Hargrove Transit Center",,0,24762,shp-492-53,1,1,2476
148070,492,2,"Jason Hargrove Transit Center",,0,24702,shp-492-53,1,1,2470
2708020,492,3,"Jason Hargrove Transit Center",,0,24762,shp-492-53,1,1,2476
2638070,492,2,"Jason Hargrove Transit Center",,0,24712,shp-492-52,1,1,2471
103070,492,2,"Jason Hargrove Transit Center",,0,24742,shp-492-53,1,1,2474
2059020,492,3,"Jason Hargrove Transit Center",,0,24762,shp-492-53,1,1,2476
1553070,492,2,"Jason Hargrove Transit Center",,0,24772,shp-492-53,1,1,2477
3131070,492,2,"Jason Hargrove Transit Center",,0,24742,shp-492-53,1,1,2474
2431020,492,3,"Oakland Mall",,1,24762,shp-492-02,1,1,2476
2483070,492,2,"Oakland Mall",,1,24772,shp-492-02,1,1,2477
1501070,492,2,"Oakland Mall",,0,24762,shp-492-51,1,1,2476
1173020,492,3,"Oakland Mall",,0,24772,shp-492-51,1,1,2477
793020,492,3,"Oakland University",,1,24732,shp-492-01,1,1,2473
1978070,492,2,"Oakland University",,1,24732,shp-492-01,1,1,2473
3347070,492,2,"Oakland University",,1,24732,shp-492-01,1,1,2473
2502070,492,2,"Oakland University",,1,24722,shp-492-01,1,1,2472
3321020,492,3,"Oakland University",,1,24762,shp-492-01,1,1,2476
1267020,492,3,"Oakland University",,1,24702,shp-492-01,1,1,2470
183020,492,3,"Oakland University",,1,24712,shp-492-01,1,1,2471
1735020,492,3,"Oakland University",,1,24712,shp-492-01,1,1,2471
1052070,492,2,"Oakland University",,1,24722,shp-492-01,1,1,2472
99020,492,3,"Oakland University",,1,24742,shp-492-01,1,1,2474
1674070,492,2,"Oakland University",,1,24772,shp-492-01,1,1,2477
3477070,492,2,"Oakland University",,1,24702,shp-492-01,1,1,2470
2429070,492,2,"Oakland University",,1,24742,shp-492-01,1,1,2474
2996070,492,2,"Oakland University",,1,24702,shp-492-01,1,1,2470
1781020,492,3,"Oakland University",,1,24702,shp-492-01,1,1,2470
1567020,492,3,"Oakland University",,1,24702,shp-492-03,1,1,2470
873020,492,3,"Oakland University",,1,24732,shp-492-01,1,1,2473
395020,492,3,"Oakland University",,1,24742,shp-492-01,1,1,2474
1157070,492,2,"Oakland University",,1,24752,shp-492-01,1,1,2475
368070,492,2,"Oakland University",,1,24752,shp-492-01,1,1,2475
1324020,492,3,"Oakland University",,1,24742,shp-492-01,1,1,2474
2078070,492,2,"Oakland University",,1,24712,shp-492-01,1,1,2471
3041020,492,3,"Oakland University",,1,24722,shp-492-01,1,1,2472
367020,492,3,"Oakland University",,1,24752,shp-492-01,1,1,2475
828020,492,3,"Oakland University",,1,24772,shp-492-01,1,1,2477
1644020,492,3,"Oakland University",,1,24722,shp-492-01,1,1,2472
1971070,492,2,"Oakland University",,1,24732,shp-492-01,1,1,2473
2101070,492,2,"Oakland University",,1,24742,shp-492-01,1,1,2474
3146070,492,2,"Oakland University",,1,24702,shp-492-03,1,1,2470
1214020,492,3,"Oakland University",,1,24762,shp-492-01,1,1,2476
457070,492,2,"Oakland University",,1,24762,shp-492-01,1,1,2476
2142070,492,2,"Oakland University",,1,24752,shp-492-01,1,1,2475
674020,492,3,"Oakland University",,1,24752,shp-492-01,1,1,2475
821070,492,2,"Oakland University",,1,24762,shp-492-01,1,1,2476
1257070,492,2,"Oakland University",,1,24712,shp-492-01,1,1,2471
358020,492,3,"Oakland University",,1,24772,shp-492-01,1,1,2477
1421070,494,2,"Barclay Circle",,1,28992,shp-494-01,1,1,2899
3452020,494,3,"Barclay Circle",,1,24862,shp-494-01,1,1,2486
245070,494,2,"Barclay Circle",,1,28952,shp-494-01,1,1,2895
2022020,494,3,"Barclay Circle",,1,24852,shp-494-01,1,1,2485
2486070,494,2,"Barclay Circle",,1,28942,shp-494-01,1,1,2894
2730070,494,2,"Barclay Circle",,1,28932,shp-494-01,1,1,2893
1599020,494,3,"Barclay Circle",,1,24852,shp-494-01,1,1,2485
2384070,494,2,"Barclay Circle",,1,28932,shp-494-01,1,1,2893
3116020,494,3,"Barclay Circle",,1,24842,shp-494-01,1,1,2484
3257020,494,3,"Barclay Circle",,1,24862,shp-494-01,1,1,2486
1250070,494,2,"Barclay Circle",,1,29012,shp-494-01,1,1,2901
2847020,494,3,"Barclay Circle",,1,24862,shp-494-01,1,1,2486
1468070,494,2,"Barclay Circle",,1,28952,shp-494-01,1,1,2895
1943070,494,2,"Barclay Circle",,1,28962,shp-494-01,1,1,2896
1696020,494,3,"Barclay Circle",,1,24852,shp-494-01,1,1,2485
381020,494,3,"Barclay Circle",,1,24862,shp-494-01,1,1,2486
2200070,494,2,"Barclay Circle",,1,29012,shp-494-01,1,1,2901
875020,494,3,"Barclay Circle",,1,24842,shp-494-01,1,1,2484
138070,494,2,"Barclay Circle",,1,29012,shp-494-01,1,1,2901
1884020,494,3,"Barclay Circle",,1,24842,shp-494-01,1,1,2484
1454020,494,3,"Barclay Circle",,1,24852,shp-494-01,1,1,2485
2933070,494,2,"Barclay Circle",,1,28962,shp-494-01,1,1,2896
3004020,494,3,"Barclay Circle",,1,24852,shp-494-01,1,1,2485
3451020,494,3,"Barclay Circle",,1,24842,shp-494-01,1,1,2484
3524020,494,3,"Barclay Circle",,1,24852,shp-494-01,1,1,2485
3015070,494,2,"Barclay Circle",,1,28992,shp-494-01,1,1,2899
1953070,494,2,"Barclay Circle",,1,29002,shp-494-01,1,1,2900
581020,494,3,"Barclay Circle",,1,24862,shp-494-01,1,1,2486
719070,494,2,"Barclay Circle",,1,28952,shp-494-01,1,1,2895
1395070,494,2,"Barclay Circle",,1,28942,shp-494-01,1,1,2894
3198070,494,2,"Barclay Circle",,1,28942,shp-494-01,1,1,2894
673020,494,3,"Barclay Circle",,1,24842,shp-494-01,1,1,2484
1484070,494,2,"Barclay Circle",,1,28962,shp-494-01,1,1,2896
1389070,494,2,"Barclay Circle",,1,28982,shp-494-01,1,1,2898
208070,494,2,"Barclay Circle",,1,28962,shp-494-01,1,1,2896
761020,494,3,"Barclay Circle",,1,24842,shp-494-01,1,1,2484
2659020,494,3,"Barclay Circle",,1,24862,shp-494-01,1,1,2486
268070,494,2,"Barclay Circle",,1,29002,shp-494-01,1,1,2900
942020,494,3,"Barclay Circle",,1,24852,shp-494-01,1,1,2485
426070,494,2,"Barclay Circle",,1,28992,shp-494-01,1,1,2899
2510020,494,3,"Barclay Circle",,1,24842,shp-494-01,1,1,2484
2302070,494,2,"Barclay Circle",,1,29002,shp-494-01,1,1,2900
1016020,494,3,"Barclay Circle",,1,24842,shp-494-01,1,1,2484
418020,494,3,"Barclay Circle",,1,24862,shp-494-01,1,1,2486
84020,494,3,"Jason Hargrove Transit Center",,0,24862,shp-494-51,1,1,2486
1096070,494,2,"Jason Hargrove Transit Center",,0,29002,shp-494-51,1,1,2900
1412070,494,2,"Jason Hargrove Transit Center",,0,28962,shp-494-51,1,1,2896
2861020,494,3,"Jason Hargrove Transit Center",,0,24842,shp-494-51,1,1,2484
1094070,494,2,"Jason Hargrove Transit Center",,0,29002,shp-494-51,1,1,2900
716020,494,3,"Jason Hargrove Transit Center",,0,24852,shp-494-51,1,1,2485
3251020,494,3,"Jason Hargrove Transit Center",,0,24852,shp-494-51,1,1,2485
1126070,494,2,"Jason Hargrove Transit Center",,0,28992,shp-494-51,1,1,2899
3034070,494,2,"Jason Hargrove Transit Center",,0,28992,shp-494-51,1,1,2899
1717070,494,2,"Jason Hargrove Transit Center",,0,28962,shp-494-51,1,1,2896
1745070,494,2,"Jason Hargrove Transit Center",,0,28942,shp-494-51,1,1,2894
1031070,494,2,"Jason Hargrove Transit Center",,0,29012,shp-494-51,1,1,2901
1450070,494,2,"Jason Hargrove Transit Center",,0,28962,shp-494-51,1,1,2896
2084070,494,2,"Jason Hargrove Transit Center",,0,29002,shp-494-51,1,1,2900
3105020,494,3,"Jason Hargrove Transit Center",,0,24862,shp-494-51,1,1,2486
569070,494,2,"Jason Hargrove Transit Center",,0,28952,shp-494-51,1,1,2895
1633020,494,3,"Jason Hargrove Transit Center",,0,24842,shp-494-51,1,1,2484
923070,494,2,"Jason Hargrove Transit Center",,0,28932,shp-494-51,1,1,2893
706020,494,3,"Jason Hargrove Transit Center",,0,24852,shp-494-51,1,1,2485
2848020,494,3,"Jason Hargrove Transit Center",,0,24862,shp-494-51,1,1,2486
393020,494,3,"Jason Hargrove Transit Center",,0,24862,shp-494-51,1,1,2486
1996020,494,3,"Jason Hargrove Transit Center",,0,24862,shp-494-51,1,1,2486
248070,494,2,"Jason Hargrove Transit Center",,0,28942,shp-494-51,1,1,2894
2736070,494,2,"Jason Hargrove Transit Center",,0,28942,shp-494-51,1,1,2894
960020,494,3,"Jason Hargrove Transit Center",,0,24852,shp-494-51,1,1,2485
2427070,494,2,"Jason Hargrove Transit Center",,0,29012,shp-494-51,1,1,2901
2115070,494,2,"Jason Hargrove Transit Center",,0,28952,shp-494-51,1,1,2895
1166020,494,3,"Jason Hargrove Transit Center",,0,24842,shp-494-51,1,1,2484
2147020,494,3,"Jason Hargrove Transit Center",,0,24852,shp-494-51,1,1,2485
3481020,494,3,"Jason Hargrove Transit Center",,0,24852,shp-494-51,1,1,2485
415070,494,2,"Jason Hargrove Transit Center",,0,28982,shp-494-51,1,1,2898
3546020,494,3,"Jason Hargrove Transit Center",,0,24842,shp-494-51,1,1,2484
2372070,494,2,"Jason Hargrove Transit Center",,0,28982,shp-494-51,1,1,2898
2331020,494,3,"Jason Hargrove Transit Center",,0,24842,shp-494-51,1,1,2484
3158070,494,2,"Jason Hargrove Transit Center",,0,28992,shp-494-51,1,1,2899
2871070,494,2,"Jason Hargrove Transit Center",,0,28952,shp-494-51,1,1,2895
3139020,494,3,"Jason Hargrove Transit Center",,0,24842,shp-494-51,1,1,2484
3474020,494,3,"Jason Hargrove Transit Center",,0,24852,shp-494-51,1,1,2485
555070,494,2,"Jason Hargrove Transit Center",,0,28992,shp-494-51,1,1,2899
1048020,494,3,"Jason Hargrove Transit Center",,0,24862,shp-494-51,1,1,2486
3224070,494,2,"Jason Hargrove Transit Center",,0,29012,shp-494-51,1,1,2901
2458020,494,3,"Jason Hargrove Transit Center",,0,24862,shp-494-51,1,1,2486
1796020,494,3,"Jason Hargrove Transit Center",,0,24842,shp-494-51,1,1,2484
1203020,494,3,"Jason Hargrove Transit Center",,0,24852,shp-494-51,1,1,2485
1195020,495,3,"Jason Hargrove Transit Center",,0,24972,shp-495-51,1,1,2497
3373070,495,2,"Jason Hargrove Transit Center",,0,24962,shp-495-51,1,1,2496
785070,495,2,"Jason Hargrove Transit Center",,0,24962,shp-495-51,1,1,2496
110070,495,2,"Jason Hargrove Transit Center",,0,24952,shp-495-51,1,1,2495
2203070,495,2,"Jason Hargrove Transit Center",,0,24952,shp-495-51,1,1,2495
702070,495,2,"Jason Hargrove Transit Center",,0,24972,shp-495-51,1,1,2497
1188020,495,3,"Jason Hargrove Transit Center",,0,24992,shp-495-51,1,1,2499
159020,495,3,"Jason Hargrove Transit Center",,0,24962,shp-495-51,1,1,2496
1255020,495,3,"Jason Hargrove Transit Center",,0,25012,shp-495-51,1,1,2501
2967010,495,1,"Jason Hargrove Transit Center",,0,24962,shp-495-51,1,1,2496
1841070,495,2,"Jason Hargrove Transit Center",,0,24972,shp-495-51,1,1,2497
18020,495,3,"Jason Hargrove Transit Center",,0,24982,shp-495-51,1,1,2498
1892020,495,3,"Jason Hargrove Transit Center",,0,25012,shp-495-51,1,1,2501
351020,495,3,"Jason Hargrove Transit Center",,0,24962,shp-495-51,1,1,2496
1887070,495,2,"Jason Hargrove Transit Center",,0,24972,shp-495-51,1,1,2497
1162020,495,3,"Jason Hargrove Transit Center",,0,24982,shp-495-51,1,1,2498
2159020,495,3,"Jason Hargrove Transit Center",,0,24982,shp-495-51,1,1,2498
1736020,495,3,"Jason Hargrove Transit Center",,0,24952,shp-495-51,1,1,2495
3537010,495,1,"Jason Hargrove Transit Center",,0,24952,shp-495-51,1,1,2495
28010,495,1,"Jason Hargrove Transit Center",,0,24962,shp-495-51,1,1,2496
1480070,495,2,"Jason Hargrove Transit Center",,0,24962,shp-495-51,1,1,2496
2822020,495,3,"Jason Hargrove Transit Center",,0,24952,shp-495-51,1,1,2495
1661020,495,3,"Jason Hargrove Transit Center",,0,24972,shp-495-51,1,1,2497
3052020,495,3,"Jason Hargrove Transit Center",,0,24962,shp-495-51,1,1,2496
227020,495,3,"Jason Hargrove Transit Center",,0,24952,shp-495-51,1,1,2495
1164020,495,3,"Jason Hargrove Transit Center",,0,24982,shp-495-51,1,1,2498
445010,495,1,"Jason Hargrove Transit Center",,0,24972,shp-495-51,1,1,2497
1174020,495,3,"Jason Hargrove Transit Center",,0,24972,shp-495-51,1,1,2497
2642070,495,2,"Jason Hargrove Transit Center",,0,24982,shp-495-51,1,1,2498
2747070,495,2,"Jason Hargrove Transit Center",,0,24982,shp-495-51,1,1,2498
2854020,495,3,"Jason Hargrove Transit Center",,0,25012,shp-495-51,1,1,2501
892020,495,3,"Jason Hargrove Transit Center",,0,24952,shp-495-51,1,1,2495
1529010,495,1,"Jason Hargrove Transit Center",,0,24962,shp-495-51,1,1,2496
3214070,495,2,"Jason Hargrove Transit Center",,0,24982,shp-495-51,1,1,2498
687020,495,3,"Jason Hargrove Transit Center",,0,24952,shp-495-51,1,1,2495
2067010,495,1,"Jason Hargrove Transit Center",,0,24952,shp-495-51,1,1,2495
1563070,495,2,"Jason Hargrove Transit Center",,0,24972,shp-495-51,1,1,2497
2690020,495,3,"Jason Hargrove Transit Center",,0,25012,shp-495-51,1,1,2501
187010,495,1,"Jason Hargrove Transit Center",,0,24952,shp-495-51,1,1,2495
1876010,495,1,"Jason Hargrove Transit Center",,0,24972,shp-495-51,1,1,2497
2825010,495,1,"Jason Hargrove Transit Center",,0,24952,shp-495-51,1,1,2495
1290020,495,3,"Jason Hargrove Transit Center",,0,24992,shp-495-51,1,1,2499
2733020,495,3,"Jason Hargrove Transit Center",,0,24982,shp-495-51,1,1,2498
3083070,495,2,"Jason Hargrove Transit Center",,0,24982,shp-495-51,1,1,2498
3405020,495,3,"Jason Hargrove Transit Center",,0,24962,shp-495-51,1,1,2496
973020,495,3,"Jason Hargrove Transit Center",,0,24972,shp-495-51,1,1,2497
212010,495,1,"Jason Hargrove Transit Center",,0,24952,shp-495-51,1,1,2495
1982070,495,2,"Jason Hargrove Transit Center",,0,24962,shp-495-51,1,1,2496
2223020,495,3,"Jason Hargrove Transit Center",,0,24992,shp-495-51,1,1,2499
840070,495,2,"Jason Hargrove Transit Center",,0,24952,shp-495-51,1,1,2495
909070,495,2,"Jason Hargrove Transit Center",,0,24952,shp-495-51,1,1,2495
2670020,495,3,"Jason Hargrove Transit Center",,0,24992,shp-495-51,1,1,2499
1860010,495,1,"Jason Hargrove Transit Center",,0,24962,shp-495-51,1,1,2496
3092020,495,3,"Jason Hargrove Transit Center",,0,25012,shp-495-51,1,1,2501
2538020,495,3,"Jason Hargrove Transit Center",,0,24952,shp-495-51,1,1,2495
2375010,495,1,"Jason Hargrove Transit Center",,0,24952,shp-495-51,1,1,2495
558020,495,3,"Jason Hargrove Transit Center",,0,24982,shp-495-51,1,1,2498
2624020,495,3,"Jason Hargrove Transit Center",,0,24982,shp-495-51,1,1,2498
1792070,495,2,"Jason Hargrove Transit Center",,0,24982,shp-495-51,1,1,2498
1120070,495,2,"Jason Hargrove Transit Center",,0,24982,shp-495-51,1,1,2498
1732070,495,2,"Jason Hargrove Transit Center",,0,24962,shp-495-51,1,1,2496
2970020,495,3,"Jason Hargrove Transit Center",,0,24992,shp-495-51,1,1,2499
290020,495,3,"Jason Hargrove Transit Center",,0,24962,shp-495-51,1,1,2496
1670070,495,2,"Jason Hargrove Transit Center",,0,24972,shp-495-51,1,1,2497
2732070,495,2,"Jason Hargrove Transit Center",,0,24962,shp-495-51,1,1,2496
667020,495,3,"Jason Hargrove Transit Center",,0,24992,shp-495-51,1,1,2499
1966020,495,3,"Jason Hargrove Transit Center",,0,25002,shp-495-51,1,1,2500
634010,495,1,"Jason Hargrove Transit Center",,0,24962,shp-495-51,1,1,2496
203020,495,3,"Jason Hargrove Transit Center",,0,24942,shp-495-51,1,1,2494
90070,495,2,"Jason Hargrove Transit Center",,0,24952,shp-495-51,1,1,2495
3365010,495,1,"Oakland Mall",,1,24952,shp-495-01,1,1,2495
1590020,495,3,"Oakland Mall",,1,24972,shp-495-01,1,1,2497
882070,495,2,"Oakland Mall",,1,24982,shp-495-01,1,1,2498
476070,495,2,"Oakland Mall",,1,24952,shp-495-01,1,1,2495
2965070,495,2,"Oakland Mall",,1,24952,shp-495-01,1,1,2495
2128020,495,3,"Oakland Mall",,1,24952,shp-495-01,1,1,2495
2515070,495,2,"Oakland Mall",,1,24952,shp-495-01,1,1,2495
3332020,495,3,"Oakland Mall",,1,24962,shp-495-01,1,1,2496
1692010,495,1,"Oakland Mall",,1,24962,shp-495-01,1,1,2496
3181010,495,1,"Oakland Mall",,1,24952,shp-495-01,1,1,2495
1261020,495,3,"Oakland Mall",,1,24982,shp-495-01,1,1,2498
152070,495,2,"Oakland Mall",,1,24972,shp-495-01,1,1,2497
3308070,495,2,"Oakland Mall",,1,24952,shp-495-01,1,1,2495
3486020,495,3,"Oakland Mall",,1,24982,shp-495-01,1,1,2498
1564070,495,2,"Oakland Mall",,1,24972,shp-495-01,1,1,2497
24070,495,2,"Oakland Mall",,1,24972,shp-495-01,1,1,2497
2754010,495,1,"Oakland Mall",,1,24972,shp-495-01,1,1,2497
1530020,495,3,"Oakland Mall",,1,24962,shp-495-01,1,1,2496
2312020,495,3,"Oakland Mall",,1,24972,shp-495-01,1,1,2497
790070,495,2,"Oakland Mall",,1,24982,shp-495-01,1,1,2498
1401070,495,2,"Oakland Mall",,1,24982,shp-495-01,1,1,2498
3137020,495,3,"Oakland Mall",,1,25012,shp-495-01,1,1,2501
962070,495,2,"Oakland Mall",,1,24972,shp-495-01,1,1,2497
3227070,495,2,"Oakland Mall",,1,24962,shp-495-01,1,1,2496
2258020,495,3,"Oakland Mall",,1,25012,shp-495-01,1,1,2501
1304070,495,2,"Oakland Mall",,1,24962,shp-495-01,1,1,2496
771020,495,3,"Oakland Mall",,1,25012,shp-495-01,1,1,2501
2063070,495,2,"Oakland Mall",,1,24982,shp-495-01,1,1,2498
773020,495,3,"Oakland Mall",,1,24982,shp-495-01,1,1,2498
1907020,495,3,"Oakland Mall",,1,24992,shp-495-01,1,1,2499
2531020,495,3,"Oakland Mall",,1,24982,shp-495-01,1,1,2498
226070,495,2,"Oakland Mall",,1,24952,shp-495-01,1,1,2495
1348020,495,3,"Oakland Mall",,1,24972,shp-495-01,1,1,2497
2907020,495,3,"Oakland Mall",,1,24992,shp-495-01,1,1,2499
937020,495,3,"Oakland Mall",,1,24952,shp-495-01,1,1,2495
2753020,495,3,"Oakland Mall",,1,24982,shp-495-01,1,1,2498
784020,495,3,"Oakland Mall",,1,25012,shp-495-01,1,1,2501
308010,495,1,"Oakland Mall",,1,24962,shp-495-01,1,1,2496
832020,495,3,"Oakland Mall",,1,25012,shp-495-01,1,1,2501
27070,495,2,"Oakland Mall",,1,24952,shp-495-01,1,1,2495
3168020,495,3,"Oakland Mall",,1,24952,shp-495-01,1,1,2495
2397070,495,2,"Oakland Mall",,1,24972,shp-495-01,1,1,2497
1624010,495,1,"Oakland Mall",,1,24952,shp-495-01,1,1,2495
1894020,495,3,"Oakland Mall",,1,25012,shp-495-01,1,1,2501
1352010,495,1,"Oakland Mall",,1,24952,shp-495-01,1,1,2495
3378010,495,1,"Oakland Mall",,1,24952,shp-495-01,1,1,2495
2770070,495,2,"Oakland Mall",,1,24972,shp-495-01,1,1,2497
2132020,495,3,"Oakland Mall",,1,24992,shp-495-01,1,1,2499
3271020,495,3,"Oakland Mall",,1,24962,shp-495-01,1,1,2496
3516070,495,2,"Oakland Mall",,1,24982,shp-495-01,1,1,2498
720020,495,3,"Oakland Mall",,1,24952,shp-495-01,1,1,2495
1761020,495,3,"Oakland Mall",,1,24972,shp-495-01,1,1,2497
370020,495,3,"Oakland Mall",,1,24962,shp-495-01,1,1,2496
1059020,495,3,"Oakland Mall",,1,24952,shp-495-01,1,1,2495
2388020,495,3,"Oakland Mall",,1,24992,shp-495-01,1,1,2499
1582010,495,1,"Oakland Mall",,1,24962,shp-495-01,1,1,2496
780070,495,2,"Oakland Mall",,1,24982,shp-495-01,1,1,2498
958020,495,3,"Oakland Mall",,1,24982,shp-495-01,1,1,2498
1438020,495,3,"Oakland Mall",,1,24952,shp-495-01,1,1,2495
1512020,495,3,"Oakland Mall",,1,24962,shp-495-01,1,1,2496
1229070,495,2,"Oakland Mall",,1,24962,shp-495-01,1,1,2496
1879010,495,1,"Oakland Mall",,1,24962,shp-495-01,1,1,2496
2864020,495,3,"Oakland Mall",,1,24972,shp-495-01,1,1,2497
2660020,495,3,"Oakland Mall",,1,24992,shp-495-01,1,1,2499
568020,495,3,"Oakland Mall",,1,24952,shp-495-01,1,1,2495
2568020,495,3,"Oakland Mall",,1,24942,shp-495-01,1,1,2494
3170070,495,2,"Oakland Mall",,1,24962,shp-495-01,1,1,2496
2250020,495,3,"Oakland Mall",,1,24992,shp-495-01,1,1,2499
995020,495,3,"Oakland Mall",,1,24962,shp-495-01,1,1,2496
2275010,495,1,"Oakland Mall",,1,24952,shp-495-01,1,1,2495
2863070,495,2,"Oakland Mall",,1,24962,shp-495-01,1,1,2496
3325010,495,1,"Oakland Mall",,1,24962,shp-495-01,1,1,2496
2915010,495,1,"Oakland Mall",,1,24952,shp-495-01,1,1,2495
1960070,500,2,"Bel Air Center",,1,85038,shp-500-01,1,1,8503
3194020,500,3,"Bel Air Center",,1,85028,shp-500-01,1,1,8502
380070,500,2,"Bel Air Center",,1,85018,shp-500-01,1,1,8501
2711070,500,2,"Bel Air Center",,1,85018,shp-500-01,1,1,8501
1688020,500,3,"Bel Air Center",,1,85038,shp-500-01,1,1,8503
3488020,500,3,"Bel Air Center",,1,85008,shp-500-01,1,1,8500
657020,500,3,"Bel Air Center",,1,85008,shp-500-01,1,1,8500
2574070,500,2,"Bel Air Center",,1,85008,shp-500-01,1,1,8500
2328010,500,1,"Bel Air Center",,1,85008,shp-500-01,1,1,8500
2572020,500,3,"Bel Air Center",,1,85018,shp-500-01,1,1,8501
120010,500,1,"Bel Air Center",,1,85018,shp-500-01,1,1,8501
437020,500,3,"Bel Air Center",,1,85028,shp-500-01,1,1,8502
285070,500,2,"Bel Air Center",,1,85028,shp-500-01,1,1,8502
2071070,500,2,"Bel Air Center",,1,85028,shp-500-01,1,1,8502
3398020,500,3,"Bel Air Center",,1,85038,shp-500-01,1,1,8503
2255070,500,2,"Bel Air Center",,1,85018,shp-500-01,1,1,8501
3461010,500,1,"Bel Air Center",,1,85008,shp-500-01,1,1,8500
2300070,500,2,"Bel Air Center",,1,85008,shp-500-01,1,1,8500
2768020,500,3,"Bel Air Center",,1,85038,shp-500-01,1,1,8503
2189020,500,3,"Bel Air Center",,1,85008,shp-500-01,1,1,8500
210070,500,2,"Bel Air Center",,1,85028,shp-500-01,1,1,8502
534010,500,1,"Bel Air Center",,1,85018,shp-500-01,1,1,8501
467020,500,3,"Bel Air Center",,1,85038,shp-500-01,1,1,8503
699010,500,1,"Bel Air Center",,1,85008,shp-500-01,1,1,8500
1603010,500,1,"Bel Air Center",,1,85018,shp-500-01,1,1,8501
2451070,500,2,"Bel Air Center",,1,85028,shp-500-01,1,1,8502
432010,500,1,"Bel Air Center",,1,85018,shp-500-01,1,1,8501
661020,500,3,"Bel Air Center",,1,85008,shp-500-01,1,1,8500
2901070,500,2,"Bel Air Center",,1,85028,shp-500-01,1,1,8502
2731020,500,3,"Bel Air Center",,1,85018,shp-500-01,1,1,8501
2294070,500,2,"Bel Air Center",,1,85018,shp-500-01,1,1,8501
1687010,500,1,"Bel Air Center",,1,85008,shp-500-01,1,1,8500
2757020,500,3,"Bel Air Center",,1,85018,shp-500-01,1,1,8501
3320070,500,2,"Bel Air Center",,1,85018,shp-500-01,1,1,8501
2715020,500,3,"Bel Air Center",,1,85028,shp-500-01,1,1,8502
1133010,500,1,"Bel Air Center",,1,85018,shp-500-01,1,1,8501
2819070,500,2,"Bel Air Center",,1,85008,shp-500-01,1,1,8500
1798020,500,3,"Bel Air Center",,1,85018,shp-500-01,1,1,8501
654070,500,2,"Bel Air Center",,1,85038,shp-500-01,1,1,8503
282010,500,1,"Bel Air Center",,1,85008,shp-500-01,1,1,8500
938070,500,2,"Bel Air Center",,1,85008,shp-500-01,1,1,8500
3201070,500,2,"Bel Air Center",,1,85038,shp-500-01,1,1,8503
1645020,500,3,"Bel Air Center",,1,85028,shp-500-01,1,1,8502
2930020,500,3,"Bel Air Center",,1,85028,shp-500-01,1,1,8502
2443020,500,3,"Bel Air Center",,1,85018,shp-500-01,1,1,8501
1462070,500,2,"Bel Air Center",,1,85038,shp-500-01,1,1,8503
2954010,500,1,"Downtown Detroit",,0,85018,shp-500-51,1,1,8501
3543010,500,1,"Downtown Detroit",,0,85008,shp-500-51,1,1,8500
1091020,500,3,"Downtown Detroit",,0,85018,shp-500-51,1,1,8501
1092010,500,1,"Downtown Detroit",,0,85008,shp-500-51,1,1,8500
3509010,500,1,"Downtown Detroit",,0,85018,shp-500-51,1,1,8501
1486070,500,2,"Downtown Detroit",,0,85008,shp-500-51,1,1,8500
912070,500,2,"Downtown Detroit",,0,85018,shp-500-51,1,1,8501
2845020,500,3,"Downtown Detroit",,0,85018,shp-500-51,1,1,8501
684020,500,3,"Downtown Detroit",,0,85008,shp-500-51,1,1,8500
427070,500,2,"Downtown Detroit",,0,85008,shp-500-51,1,1,8500
3551070,500,2,"Downtown Detroit",,0,85028,shp-500-51,1,1,8502
3515010,500,1,"Downtown Detroit",,0,85008,shp-500-51,1,1,8500
557020,500,3,"Downtown Detroit",,0,85038,shp-500-51,1,1,8503
2094020,500,3,"Downtown Detroit",,0,85008,shp-500-51,1,1,8500
1531070,500,2,"Downtown Detroit",,0,85008,shp-500-51,1,1,8500
2726020,500,3,"Downtown Detroit",,0,85018,shp-500-51,1,1,8501
1720020,500,3,"Downtown Detroit",,0,85038,shp-500-51,1,1,8503
51020,500,3,"Downtown Detroit",,0,85008,shp-500-51,1,1,8500
3272010,500,1,"Downtown Detroit",,0,85008,shp-500-51,1,1,8500
492070,500,2,"Downtown Detroit",,0,85038,shp-500-51,1,1,8503
3400010,500,1,"Downtown Detroit",,0,85018,shp-500-51,1,1,8501
1280020,500,3,"Downtown Detroit",,0,85018,shp-500-51,1,1,8501
1294020,500,3,"Downtown Detroit",,0,85028,shp-500-51,1,1,8502
1509070,500,2,"Downtown Detroit",,0,85028,shp-500-51,1,1,8502
2646070,500,2,"Downtown Detroit",,0,85008,shp-500-51,1,1,8500
1725070,500,2,"Downtown Detroit",,0,85018,shp-500-51,1,1,8501
1524010,500,1,"Downtown Detroit",,0,85018,shp-500-51,1,1,8501
322070,500,2,"Downtown Detroit",,0,85018,shp-500-51,1,1,8501
114070,500,2,"Downtown Detroit",,0,85028,shp-500-51,1,1,8502
3417070,500,2,"Downtown Detroit",,0,85018,shp-500-51,1,1,8501
1981070,500,2,"Downtown Detroit",,0,85038,shp-500-51,1,1,8503
1776070,500,2,"Downtown Detroit",,0,85008,shp-500-51,1,1,8500
235070,500,2,"Downtown Detroit",,0,85038,shp-500-51,1,1,8503
1970070,500,2,"Downtown Detroit",,0,85028,shp-500-51,1,1,8502
1862010,500,1,"Downtown Detroit",,0,85018,shp-500-51,1,1,8501
2138020,500,3,"Downtown Detroit",,0,85028,shp-500-51,1,1,8502
811010,500,1,"Downtown Detroit",,0,85008,shp-500-51,1,1,8500
2357020,500,3,"Downtown Detroit",,0,85008,shp-500-51,1,1,8500
390020,500,3,"Downtown Detroit",,0,85038,shp-500-51,1,1,8503
2215020,500,3,"Downtown Detroit",,0,85038,shp-500-51,1,1,8503
2795020,500,3,"Downtown Detroit",,0,85018,shp-500-51,1,1,8501
3028020,500,3,"Downtown Detroit",,0,85008,shp-500-51,1,1,8500
3167020,500,3,"Downtown Detroit",,0,85028,shp-500-51,1,1,8502
2002070,500,2,"Downtown Detroit",,0,85018,shp-500-51,1,1,8501
2463070,500,2,"Downtown Detroit",,0,85038,shp-500-51,1,1,8503
2784020,500,3,"Downtown Detroit",,0,85028,shp-500-51,1,1,8502
2358070,510,2,"Bel Air Center",,0,85148,shp-510-51,1,1,8514
1384010,510,1,"Bel Air Center",,0,85128,shp-510-61,1,1,8512
2504010,510,1,"Bel Air Center",,0,85128,shp-510-61,1,1,8512
551070,510,2,"Bel Air Center",,0,85178,shp-510-51,1,1,8517
1410020,510,3,"Bel Air Center",,0,85208,shp-510-51,1,1,8520
102020,510,3,"Bel Air Center",,0,85198,shp-510-61,1,1,8519
1552020,510,3,"Bel Air Center",,0,85118,shp-510-51,1,1,8511
966070,510,2,"Bel Air Center",,0,85198,shp-510-51,1,1,8519
2603020,510,3,"Bel Air Center",,0,85188,shp-510-61,1,1,8518
627020,510,3,"Bel Air Center",,0,85138,shp-510-61,1,1,8513
2912070,510,2,"Bel Air Center",,0,85208,shp-510-61,1,1,8520
454070,510,2,"Bel Air Center",,0,85138,shp-510-61,1,1,8513
3123070,510,2,"Bel Air Center",,0,85188,shp-510-61,1,1,8518
2207020,510,3,"Bel Air Center",,0,85218,shp-510-51,1,1,8521
2031020,510,3,"Bel Air Center",,0,85198,shp-510-61,1,1,8519
1378070,510,2,"Bel Air Center",,0,85158,shp-510-51,1,1,8515
1941070,510,2,"Bel Air Center",,0,85178,shp-510-51,1,1,8517
1303070,510,2,"Bel Air Center",,0,85198,shp-510-51,1,1,8519
3436020,510,3,"Bel Air Center",,0,85148,shp-510-51,1,1,8514
1322020,510,3,"Bel Air Center",,0,85178,shp-510-61,1,1,8517
2722070,510,2,"Bel Air Center",,0,85148,shp-510-51,1,1,8514
2788010,510,1,"Bel Air Center",,0,85118,shp-510-51,1,1,8511
2782020,510,3,"Bel Air Center",,0,85218,shp-510-51,1,1,8521
1748070,510,2,"Bel Air Center",,0,85188,shp-510-61,1,1,8518
1087020,510,3,"Bel Air Center",,0,85208,shp-510-51,1,1,8520
1508020,510,3,"Bel Air Center",,0,85108,shp-510-61,1,1,8510
408070,510,2,"Bel Air Center",,0,85158,shp-510-51,1,1,8515
2890070,510,2,"Bel Air Center",,0,85208,shp-510-61,1,1,8520
1583020,510,3,"Bel Air Center",,0,85158,shp-510-61,1,1,8515
1950070,510,2,"Bel Air Center",,0,85128,shp-510-61,1,1,8512
2170020,510,3,"Bel Air Center",,0,85168,shp-510-51,1,1,8516
1606070,510,2,"Bel Air Center",,0,85128,shp-510-61,1,1,8512
3333010,510,1,"Bel Air Center",,0,85118,shp-510-51,1,1,8511
41020,510,3,"Bel Air Center",,0,85108,shp-510-61,1,1,8510
2439070,510,2,"Bel Air Center",,0,85148,shp-510-51,1,1,8514
889020,510,3,"Bel Air Center",,0,85108,shp-510-51,1,1,8510
2220020,510,3,"Bel Air Center",,0,85118,shp-510-51,1,1,8511
1223020,510,3,"Bel Air Center",,0,85168,shp-510-51,1,1,8516
60020,510,3,"Bel Air Center",,0,85128,shp-510-61,1,1,8512
2442020,510,3,"Bel Air Center",,0,85128,shp-510-61,1,1,8512
2455020,510,3,"Bel Air Center",,0,85188,shp-510-61,1,1,8518
3073010,510,1,"Bel Air Center",,0,85138,shp-510-51,1,1,8513
1117020,510,3,"Bel Air Center",,0,85168,shp-510-51,1,1,8516
2535070,510,2,"Bel Air Center",,0,85208,shp-510-61,1,1,8520
3290020,510,3,"Bel Air Center",,0,85158,shp-510-61,1,1,8515
3367020,510,3,"Bel Air Center",,0,85158,shp-510-61,1,1,8515
1842010,510,1,"Bel Air Center",,0,85108,shp-510-61,1,1,8510
104070,510,2,"Bel Air Center",,0,85138,shp-510-61,1,1,8513
2241010,510,1,"Bel Air Center",,0,85128,shp-510-61,1,1,8512
2497020,510,3,"Bel Air Center",,0,85118,shp-510-51,1,1,8511
64020,510,3,"Bel Air Center",,0,85148,shp-510-51,1,1,8514
1968020,510,3,"Bel Air Center",,0,85198,shp-510-61,1,1,8519
486020,510,3,"Bel Air Center",,0,85218,shp-510-51,1,1,8521
607010,510,1,"Bel Air Center",,0,85118,shp-510-51,1,1,8511
3012070,510,2,"Bel Air Center",,0,85158,shp-510-51,1,1,8515
3568020,510,3,"Bel Air Center",,0,85118,shp-510-51,1,1,8511
764020,510,3,"Bel Air Center",,0,85188,shp-510-61,1,1,8518
1183020,510,3,"Bel Air Center",,0,85168,shp-510-51,1,1,8516
886070,510,2,"Bel Air Center",,0,85158,shp-510-51,1,1,8515
1225070,510,2,"Bel Air Center",,0,85188,shp-510-61,1,1,8518
2414010,510,1,"Bel Air Center",,0,85108,shp-510-61,1,1,8510
2393070,510,2,"Bel Air Center",,0,85178,shp-510-51,1,1,8517
2677020,510,3,"Bel Air Center",,0,85138,shp-510-61,1,1,8513
2284010,510,1,"Bel Air Center",,0,85118,shp-510-51,1,1,8511
2884070,510,2,"Bel Air Center",,0,85198,shp-510-51,1,1,8519
100070,510,2,"Bel Air Center",,0,85138,shp-510-61,1,1,8513
291020,510,3,"Bel Air Center",,0,85188,shp-510-61,1,1,8518
92070,510,2,"Bel Air Center",,0,85188,shp-510-61,1,1,8518
1835020,510,3,"Bel Air Center",,0,85148,shp-510-51,1,1,8514
1897070,510,2,"Bel Air Center",,0,85128,shp-510-61,1,1,8512
602010,510,1,"Bel Air Center",,0,85138,shp-510-51,1,1,8513
2839010,510,1,"Bel Air Center",,0,85138,shp-510-51,1,1,8513
1517010,510,1,"Bel Air Center",,0,85108,shp-510-61,1,1,8510
129070,510,2,"Bel Air Center",,0,85208,shp-510-61,1,1,8520
401070,510,2,"Bel Air Center",,0,85198,shp-510-51,1,1,8519
1377020,510,3,"Bel Air Center",,0,85158,shp-510-61,1,1,8515
1643020,510,3,"Bel Air Center",,0,85218,shp-510-51,1,1,8521
25020,510,3,"Bel Air Center",,0,85118,shp-510-51,1,1,8511
830020,510,3,"Bel Air Center",,0,85208,shp-510-51,1,1,8520
85020,510,3,"Bel Air Center",,0,85108,shp-510-51,1,1,8510
1657010,510,1,"Bel Air Center",,0,85138,shp-510-51,1,1,8513
1837020,510,3,"Bel Air Center",,0,85128,shp-510-61,1,1,8512
1485020,510,3,"Bel Air Center",,0,85198,shp-510-61,1,1,8519
1579020,510,3,"Bel Air Center",,0,85198,shp-510-61,1,1,8519
2701020,510,3,"Bel Air Center",,0,85208,shp-510-51,1,1,8520
2814070,510,2,"Bel Air Center",,0,85198,shp-510-51,1,1,8519
499070,510,2,"Bel Air Center",,0,85138,shp-510-61,1,1,8513
475020,510,3,"Bel Air Center",,0,85128,shp-510-61,1,1,8512
1607070,510,2,"Bel Air Center",,0,85178,shp-510-51,1,1,8517
1168070,510,2,"Bel Air Center",,0,85138,shp-510-61,1,1,8513
2478010,510,1,"Bel Air Center",,0,85108,shp-510-61,1,1,8510
2469070,510,2,"Bel Air Center",,0,85178,shp-510-51,1,1,8517
1804070,510,2,"Bel Air Center",,0,85148,shp-510-51,1,1,8514
1413020,510,3,"Bel Air Center",,0,85208,shp-510-51,1,1,8520
3385070,510,2,"Bel Air Center",,0,85158,shp-510-51,1,1,8515
2186020,510,3,"Bel Air Center",,0,85178,shp-510-61,1,1,8517
921070,510,2,"Bel Air Center",,0,85188,shp-510-61,1,1,8518
2759070,510,2,"Bel Air Center",,0,85128,shp-510-61,1,1,8512
78010,510,1,"Bel Air Center",,0,85128,shp-510-61,1,1,8512
2119070,510,2,"L-Lakeside Circle",,1,85178,shp-510-01,1,1,8517
801020,510,3,"L-Lakeside Circle",,1,85108,shp-510-01,1,1,8510
1830070,510,2,"L-Lakeside Circle",,1,85158,shp-510-01,1,1,8515
2539070,510,2,"L-Lakeside Circle",,1,85148,shp-510-01,1,1,8514
63070,510,2,"L-Lakeside Circle",,1,85148,shp-510-01,1,1,8514
363070,510,2,"L-Lakeside Circle",,1,85178,shp-510-01,1,1,8517
3569020,510,3,"L-Lakeside Circle",,1,85118,shp-510-01,1,1,8511
986070,510,2,"L-Lakeside Circle",,1,85178,shp-510-01,1,1,8517
1419020,510,3,"L-Lakeside Circle",,1,85118,shp-510-01,1,1,8511
1741020,510,3,"L-Lakeside Circle",,1,85168,shp-510-01,1,1,8516
1492020,510,3,"L-Lakeside Circle",,1,85148,shp-510-01,1,1,8514
930020,510,3,"L-Lakeside Circle",,1,85118,shp-510-01,1,1,8511
2571010,510,1,"L-Lakeside Circle",,1,85138,shp-510-01,1,1,8513
1192020,510,3,"L-Lakeside Circle",,1,85218,shp-510-01,1,1,8521
479070,510,2,"L-Lakeside Circle",,1,85158,shp-510-01,1,1,8515
2877070,510,2,"L-Lakeside Circle",,1,85198,shp-510-01,1,1,8519
3340070,510,2,"L-Lakeside Circle",,1,85198,shp-510-01,1,1,8519
1471020,510,3,"L-Lakeside Circle",,1,85118,shp-510-01,1,1,8511
3086020,510,3,"L-Lakeside Circle",,1,85218,shp-510-01,1,1,8521
2651070,510,2,"L-Lakeside Circle",,1,85178,shp-510-01,1,1,8517
1443020,510,3,"L-Lakeside Circle",,1,85168,shp-510-01,1,1,8516
2154010,510,1,"L-Lakeside Circle",,1,85118,shp-510-01,1,1,8511
3213070,510,2,"L-Lakeside Circle",,1,85158,shp-510-01,1,1,8515
1844020,510,3,"L-Lakeside Circle",,1,85168,shp-510-01,1,1,8516
572020,510,3,"L-Lakeside Circle",,1,85148,shp-510-01,1,1,8514
2721070,510,2,"L-Lakeside Circle",,1,85178,shp-510-01,1,1,8517
2687020,510,3,"L-Lakeside Circle",,1,85118,shp-510-01,1,1,8511
1493070,510,2,"L-Lakeside Circle",,1,85158,shp-510-01,1,1,8515
2542020,510,3,"L-Lakeside Circle",,1,85148,shp-510-01,1,1,8514
615020,510,3,"L-Lakeside Circle",,1,85208,shp-510-01,1,1,8520
306020,510,3,"L-Lakeside Circle",,1,85168,shp-510-01,1,1,8516
164070,510,2,"L-Lakeside Circle",,1,85148,shp-510-01,1,1,8514
1226070,510,2,"L-Lakeside Circle",,1,85158,shp-510-01,1,1,8515
789020,510,3,"L-Lakeside Circle",,1,85108,shp-510-01,1,1,8510
917020,510,3,"L-Lakeside Circle",,1,85208,shp-510-01,1,1,8520
505020,510,3,"L-Lakeside Circle",,1,85208,shp-510-01,1,1,8520
969070,510,2,"L-Lakeside Circle",,1,85198,shp-510-01,1,1,8519
3245070,510,2,"L-Lakeside Circle",,1,85148,shp-510-01,1,1,8514
133010,510,1,"L-Lakeside Circle",,1,85118,shp-510-01,1,1,8511
3440070,510,2,"L-Lakeside Circle",,1,85148,shp-510-01,1,1,8514
2625010,510,1,"L-Lakeside Circle",,1,85118,shp-510-01,1,1,8511
1849070,510,2,"L-Lakeside Circle",,1,85198,shp-510-01,1,1,8519
2352020,510,3,"L-Lakeside Circle",,1,85218,shp-510-01,1,1,8521
2968020,510,3,"L-Lakeside Circle",,1,85218,shp-510-01,1,1,8521
1315020,510,3,"L-Lakeside Circle",,1,85148,shp-510-01,1,1,8514
287010,510,1,"L-Lakeside Circle",,1,85138,shp-510-01,1,1,8513
957010,510,1,"L-Lakeside Circle",,1,85118,shp-510-01,1,1,8511
1785010,510,1,"L-Lakeside Circle",,1,85138,shp-510-01,1,1,8513
2685020,510,3,"L-Lakeside Circle",,1,85168,shp-510-01,1,1,8516
3368010,510,1,"L-Lakeside Circle",,1,85138,shp-510-01,1,1,8513
2278020,510,3,"L-Lakeside Circle",,1,85208,shp-510-01,1,1,8520
1823020,510,3,"W-Walmart via 23 Mile/Mound",,1,85158,shp-510-05,1,1,8515
2713070,510,2,"W-Walmart via 23 Mile/Mound",,1,85138,shp-510-05,1,1,8513
490010,510,1,"W-Walmart via 23 Mile/Mound",,1,85108,shp-510-05,1,1,8510
3256020,510,3,"W-Walmart via 23 Mile/Mound",,1,85178,shp-510-05,1,1,8517
1483070,510,2,"W-Walmart via 23 Mile/Mound",,1,85128,shp-510-05,1,1,8512
1766070,510,2,"W-Walmart via 23 Mile/Mound",,1,85208,shp-510-05,1,1,8520
1600020,510,3,"W-Walmart via 23 Mile/Mound",,1,85188,shp-510-05,1,1,8518
1714020,510,3,"W-Walmart via 23 Mile/Mound",,1,85138,shp-510-05,1,1,8513
1349020,510,3,"W-Walmart via 23 Mile/Mound",,1,85108,shp-510-05,1,1,8510
353020,510,3,"W-Walmart via 23 Mile/Mound",,1,85128,shp-510-05,1,1,8512
2169070,510,2,"W-Walmart via 23 Mile/Mound",,1,85208,shp-510-05,1,1,8520
5070,510,2,"W-Walmart via 23 Mile/Mound",,1,85128,shp-510-05,1,1,8512
2523020,510,3,"W-Walmart via 23 Mile/Mound",,1,85158,shp-510-05,1,1,8515
2394070,510,2,"W-Walmart via 23 Mile/Mound",,1,85188,shp-510-05,1,1,8518
2400070,510,2,"W-Walmart via 23 Mile/Mound",,1,85188,shp-510-05,1,1,8518
2386020,510,3,"W-Walmart via 23 Mile/Mound",,1,85188,shp-510-05,1,1,8518
304070,510,2,"W-Walmart via 23 Mile/Mound",,1,85128,shp-510-05,1,1,8512
2389070,510,2,"W-Walmart via 23 Mile/Mound",,1,85138,shp-510-05,1,1,8513
2066010,510,1,"W-Walmart via 23 Mile/Mound",,1,85128,shp-510-05,1,1,8512
2133010,510,1,"W-Walmart via 23 Mile/Mound",,1,85108,shp-510-05,1,1,8510
993020,510,3,"W-Walmart via 23 Mile/Mound",,1,85188,shp-510-05,1,1,8518
731010,510,1,"W-Walmart via 23 Mile/Mound",,1,85128,shp-510-05,1,1,8512
1809010,510,1,"W-Walmart via 23 Mile/Mound",,1,85128,shp-510-05,1,1,8512
3237020,510,3,"W-Walmart via 23 Mile/Mound",,1,85108,shp-510-05,1,1,8510
2923070,510,2,"W-Walmart via 23 Mile/Mound",,1,85208,shp-510-05,1,1,8520
520020,510,3,"W-Walmart via 23 Mile/Mound",,1,85188,shp-510-05,1,1,8518
1832020,510,3,"W-Walmart via 23 Mile/Mound",,1,85138,shp-510-05,1,1,8513
1053020,510,3,"W-Walmart via 23 Mile/Mound",,1,85198,shp-510-05,1,1,8519
1066020,510,3,"W-Walmart via 23 Mile/Mound",,1,85188,shp-510-05,1,1,8518
3189020,510,3,"W-Walmart via 23 Mile/Mound",,1,85198,shp-510-05,1,1,8519
2833070,510,2,"W-Walmart via 23 Mile/Mound",,1,85138,shp-510-05,1,1,8513
72070,510,2,"W-Walmart via 23 Mile/Mound",,1,85138,shp-510-05,1,1,8513
2060020,510,3,"W-Walmart via 23 Mile/Mound",,1,85198,shp-510-05,1,1,8519
130070,510,2,"W-Walmart via 23 Mile/Mound",,1,85128,shp-510-05,1,1,8512
3360070,510,2,"W-Walmart via 23 Mile/Mound",,1,85208,shp-510-05,1,1,8520
714020,510,3,"W-Walmart via 23 Mile/Mound",,1,85128,shp-510-05,1,1,8512
2399070,510,2,"W-Walmart via 23 Mile/Mound",,1,85188,shp-510-05,1,1,8518
205010,510,1,"W-Walmart via 23 Mile/Mound",,1,85108,shp-510-05,1,1,8510
1819010,510,1,"W-Walmart via 23 Mile/Mound",,1,85108,shp-510-05,1,1,8510
2243020,510,3,"W-Walmart via 23 Mile/Mound",,1,85128,shp-510-05,1,1,8512
1672070,510,2,"W-Walmart via 23 Mile/Mound",,1,85188,shp-510-05,1,1,8518
2750010,510,1,"W-Walmart via 23 Mile/Mound",,1,85128,shp-510-05,1,1,8512
1975020,510,3,"W-Walmart via 23 Mile/Mound",,1,85178,shp-510-05,1,1,8517
3459070,510,2,"W-Walmart via 23 Mile/Mound",,1,85208,shp-510-05,1,1,8520
1474020,510,3,"W-Walmart via 23 Mile/Mound",,1,85108,shp-510-05,1,1,8510
2343020,510,3,"W-Walmart via 23 Mile/Mound",,1,85198,shp-510-05,1,1,8519
3518020,510,3,"W-Walmart via 23 Mile/Mound",,1,85158,shp-510-05,1,1,8515
3081020,510,3,"W-Walmart via 23 Mile/Mound",,1,85128,shp-510-05,1,1,8512
3525020,510,3,"W-Walmart via 23 Mile/Mound",,1,85158,shp-510-05,1,1,8515
2256070,510,2,"W-Walmart via 23 Mile/Mound",,1,85128,shp-510-05,1,1,8512
2919020,525,3,"Bel Air Center",,0,85258,shp-525-51,1,1,8525
920020,525,3,"Bel Air Center",,0,85258,shp-525-51,1,1,8525
2873020,525,3,"Bel Air Center",,0,85268,shp-525-51,1,1,8526
2663020,525,3,"Bel Air Center",,0,85268,shp-525-51,1,1,8526
629020,525,3,"Bel Air Center",,0,85278,shp-525-51,1,1,8527
3382020,525,3,"Bel Air Center",,0,85278,shp-525-51,1,1,8527
2380020,525,3,"Bel Air Center",,0,85258,shp-525-51,1,1,8525
1786020,525,3,"Bel Air Center",,0,85268,shp-525-51,1,1,8526
1969020,525,3,"Bel Air Center",,0,85288,shp-525-51,1,1,8528
2597020,525,3,"Bel Air Center",,0,85288,shp-525-51,1,1,8528
3199020,525,3,"Bel Air Center",,0,85268,shp-525-51,1,1,8526
345020,525,3,"Bel Air Center",,0,85258,shp-525-51,1,1,8525
1542020,525,3,"Bel Air Center",,0,85288,shp-525-51,1,1,8528
1310020,525,3,"Bel Air Center",,0,85278,shp-525-51,1,1,8527
1516020,525,3,"Bel Air Center",,0,85288,shp-525-51,1,1,8528
1886020,525,3,"Bel Air Center",,0,85278,shp-525-51,1,1,8527
2131020,525,3,"Clinton Township Meijer",,1,85268,shp-525-01,1,1,8526
2287020,525,3,"Clinton Township Meijer",,1,85278,shp-525-01,1,1,8527
2537020,525,3,"Clinton Township Meijer",,1,85268,shp-525-01,1,1,8526
1878020,525,3,"Clinton Township Meijer",,1,85288,shp-525-01,1,1,8528
2127020,525,3,"Clinton Township Meijer",,1,85258,shp-525-01,1,1,8525
824020,525,3,"Clinton Township Meijer",,1,85258,shp-525-01,1,1,8525
3383020,525,3,"Clinton Township Meijer",,1,85288,shp-525-01,1,1,8528
2925020,525,3,"Clinton Township Meijer",,1,85288,shp-525-01,1,1,8528
992020,525,3,"Clinton Township Meijer",,1,85278,shp-525-01,1,1,8527
379020,525,3,"Clinton Township Meijer",,1,85258,shp-525-01,1,1,8525
3351020,525,3,"Clinton Township Meijer",,1,85268,shp-525-01,1,1,8526
2005020,525,3,"Clinton Township Meijer",,1,85288,shp-525-01,1,1,8528
741020,525,3,"Clinton Township Meijer",,1,85278,shp-525-01,1,1,8527
1072020,525,3,"Clinton Township Meijer",,1,85278,shp-525-01,1,1,8527
3119020,525,3,"Clinton Township Meijer",,1,85258,shp-525-01,1,1,8525
2364020,525,3,"Clinton Township Meijer",,1,85268,shp-525-01,1,1,8526
2165020,530,3,"Detroit",,0,88028,shp-530-51,1,1,8802
3539020,530,3,"Detroit",,0,88008,shp-530-51,1,1,8800
2618020,530,3,"Lakeside Circle",,1,88058,shp-530-01,1,1,8805
3354020,530,3,"Lakeside Circle",,1,88048,shp-530-01,1,1,8804
2355020,550,3,"Lakeside Circle",,1,85538,shp-550-02,1,1,8553
766020,550,3,"Lakeside Circle",,1,85528,shp-550-02,1,1,8552
1883020,550,3,"Lakeside Circle",,1,85518,shp-550-02,1,1,8551
2465020,550,3,"Lakeside Circle",,1,85508,shp-550-02,1,1,8550
1538020,550,3,"Lakeside Circle",,1,85548,shp-550-02,1,1,8554
2656020,550,3,"Lakeside Circle",,1,85558,shp-550-02,1,1,8555
2958020,550,3,"Lakeside Circle",,1,85498,shp-550-02,1,1,8549
3027020,550,3,"Lakeside Circle",,1,85528,shp-550-02,1,1,8552
2810020,550,3,"Lakeside Circle",,1,85558,shp-550-02,1,1,8555
3089020,550,3,"Lakeside Circle",,1,85528,shp-550-02,1,1,8552
2752020,550,3,"Lakeside Circle",,1,85508,shp-550-02,1,1,8550
332020,550,3,"Lakeside Circle",,1,85538,shp-550-02,1,1,8553
2313020,550,3,"Lakeside Circle",,1,85548,shp-550-02,1,1,8554
2068020,550,3,"Lakeside Circle",,1,85518,shp-550-02,1,1,8551
508020,550,3,"Lakeside Circle",,1,85538,shp-550-02,1,1,8553
1646020,550,3,"Lakeside Circle",,1,85548,shp-550-02,1,1,8554
1227020,550,3,"Macomb Mall",,0,85528,shp-550-52,1,1,8552
1299020,550,3,"Macomb Mall",,0,85548,shp-550-52,1,1,8554
1452020,550,3,"Macomb Mall",,0,85518,shp-550-52,1,1,8551
247020,550,3,"Macomb Mall",,0,85548,shp-550-52,1,1,8554
3287020,550,3,"Macomb Mall",,0,85528,shp-550-52,1,1,8552
3415020,550,3,"Macomb Mall",,0,85508,shp-550-52,1,1,8550
1358020,550,3,"Macomb Mall",,0,85538,shp-550-52,1,1,8553
3066020,550,3,"Macomb Mall",,0,85508,shp-550-52,1,1,8550
324020,550,3,"Macomb Mall",,0,85558,shp-550-52,1,1,8555
82020,550,3,"Macomb Mall",,0,85558,shp-550-52,1,1,8555
53020,550,3,"Macomb Mall",,0,85558,shp-550-52,1,1,8555
1363020,550,3,"Macomb Mall",,0,85498,shp-550-52,1,1,8549
985020,550,3,"Macomb Mall",,0,85518,shp-550-52,1,1,8551
614020,550,3,"Macomb Mall",,0,85518,shp-550-52,1,1,8551
2100020,550,3,"Macomb Mall",,0,85538,shp-550-52,1,1,8553
1063070,560,2,"23 Mile",,1,85678,shp-560-09,1,1,8567
2544020,560,3,"23 Mile",,1,85718,shp-560-09,1,1,8571
70020,560,3,"23 Mile",,1,85738,shp-560-09,1,1,8573
2307020,560,3,"23 Mile",,1,85708,shp-560-09,1,1,8570
1502020,560,3,"23 Mile",,1,85698,shp-560-09,1,1,8569
3072020,560,3,"23 Mile",,1,85678,shp-560-09,1,1,8567
50020,560,3,"23 Mile",,1,85638,shp-560-09,1,1,8563
1085020,560,3,"23 Mile",,1,85648,shp-560-09,1,1,8564
3200020,560,3,"23 Mile",,1,85638,shp-560-09,1,1,8563
2981020,560,3,"23 Mile",,1,85748,shp-560-09,1,1,8574
1755020,560,3,"23 Mile",,1,85608,shp-560-09,1,1,8560
964020,560,3,"23 Mile",,1,85658,shp-560-09,1,1,8565
2482070,560,2,"23 Mile",,1,85678,shp-560-09,1,1,8567
858020,560,3,"23 Mile",,1,85628,shp-560-09,1,1,8562
2204070,560,2,"23 Mile",,1,85688,shp-560-09,1,1,8568
45020,560,3,"23 Mile",,1,85728,shp-560-09,1,1,8572
440020,560,3,"23 Mile",,1,85758,shp-560-09,1,1,8575
1911020,560,3,"23 Mile",,1,85758,shp-560-09,1,1,8575
984020,560,3,"23 Mile",,1,85708,shp-560-09,1,1,8570
355020,560,3,"23 Mile",,1,85738,shp-560-09,1,1,8573
529070,560,2,"23 Mile",,1,85618,shp-560-09,1,1,8561
955020,560,3,"23 Mile",,1,85648,shp-560-09,1,1,8564
3277020,560,3,"23 Mile",,1,85688,shp-560-09,1,1,8568
564070,560,2,"23 Mile",,1,85648,shp-560-09,1,1,8564
37070,560,2,"23 Mile",,1,85628,shp-560-09,1,1,8562
2085020,560,3,"23 Mile",,1,85748,shp-560-09,1,1,8574
2684020,560,3,"23 Mile",,1,85728,shp-560-09,1,1,8572
1895020,560,3,"23 Mile",,1,85698,shp-560-09,1,1,8569
543070,560,2,"23 Mile",,1,85698,shp-560-09,1,1,8569
1012020,560,3,"23 Mile",,1,85698,shp-560-09,1,1,8569
587020,560,3,"23 Mile",,1,85678,shp-560-09,1,1,8567
1131070,560,2,"23 Mile",,1,85618,shp-560-09,1,1,8561
848010,560,1,"23 Mile",,1,85648,shp-560-09,1,1,8564
1316010,560,1,"23 Mile",,1,85638,shp-560-09,1,1,8563
410070,560,2,"23 Mile",,1,85608,shp-560-09,1,1,8560
1354020,560,3,"23 Mile",,1,85728,shp-560-09,1,1,8572
575070,560,2,"23 Mile",,1,85648,shp-560-09,1,1,8564
1824070,560,2,"23 Mile",,1,85688,shp-560-09,1,1,8568
2334020,560,3,"23 Mile",,1,85628,shp-560-09,1,1,8562
922010,560,1,"23 Mile",,1,85628,shp-560-09,1,1,8562
965070,560,2,"23 Mile",,1,85638,shp-560-09,1,1,8563
3298020,560,3,"23 Mile",,1,85768,shp-560-09,1,1,8576
1865070,560,2,"23 Mile",,1,85668,shp-560-09,1,1,8566
2376020,560,3,"23 Mile",,1,85768,shp-560-09,1,1,8576
1491020,560,3,"23 Mile",,1,85678,shp-560-09,1,1,8567
2157010,560,1,"23 Mile",,1,85638,shp-560-09,1,1,8563
1463020,560,3,"23 Mile",,1,85648,shp-560-09,1,1,8564
778020,560,3,"23 Mile",,1,85668,shp-560-09,1,1,8566
869070,560,2,"23 Mile",,1,85608,shp-560-09,1,1,8560
1756020,560,3,"23 Mile",,1,85618,shp-560-09,1,1,8561
1866020,560,3,"23 Mile",,1,85638,shp-560-09,1,1,8563
2985010,560,1,"23 Mile",,1,85608,shp-560-09,1,1,8560
270010,560,1,"23 Mile",,1,85618,shp-560-09,1,1,8561
2622020,560,3,"23 Mile",,1,85748,shp-560-09,1,1,8574
1948010,560,1,"23 Mile",,1,85658,shp-560-09,1,1,8565
472070,560,2,"23 Mile",,1,85678,shp-560-09,1,1,8567
1999020,560,3,"23 Mile",,1,85658,shp-560-09,1,1,8565
3565020,560,3,"23 Mile",,1,85618,shp-560-09,1,1,8561
500070,560,2,"23 Mile",,1,85708,shp-560-09,1,1,8570
800070,560,2,"23 Mile",,1,85708,shp-560-09,1,1,8570
2125020,560,3,"23 Mile",,1,85668,shp-560-09,1,1,8566
1977070,560,2,"23 Mile",,1,85698,shp-560-09,1,1,8569
2188070,560,2,"23 Mile",,1,85668,shp-560-09,1,1,8566
3548070,560,2,"23 Mile",,1,85638,shp-560-09,1,1,8563
3195020,560,3,"23 Mile",,1,85608,shp-560-09,1,1,8560
3291070,560,2,"23 Mile",,1,85628,shp-560-09,1,1,8562
240020,560,3,"23 Mile",,1,85718,shp-560-09,1,1,8571
1034020,560,3,"23 Mile",,1,85738,shp-560-09,1,1,8573
2481070,560,2,"8 Mile",,0,85678,shp-560-64,1,1,8567
2832020,560,3,"8 Mile",,0,85708,shp-560-61,1,1,8570
2265010,560,1,"8 Mile",,0,85608,shp-560-61,1,1,8560
2592020,560,3,"8 Mile",,0,85618,shp-560-64,1,1,8561
1080070,560,2,"8 Mile",,0,85708,shp-560-64,1,1,8570
3528070,560,2,"8 Mile",,0,85708,shp-560-64,1,1,8570
1954010,560,1,"8 Mile",,0,85658,shp-560-61,1,1,8565
1791020,560,3,"8 Mile",,0,85758,shp-560-61,1,1,8575
2697020,560,3,"8 Mile",,0,85718,shp-560-61,1,1,8571
198010,560,1,"8 Mile",,0,85618,shp-560-61,1,1,8561
3141010,560,1,"8 Mile",,0,85618,shp-560-64,1,1,8561
2254020,560,3,"8 Mile",,0,87348,shp-560-64,1,1,8734
2507070,560,2,"8 Mile",,0,85608,shp-560-61,1,1,8560
2906070,560,2,"8 Mile",,0,85678,shp-560-61,1,1,8567
105070,560,2,"8 Mile",,0,85628,shp-560-61,1,1,8562
7020,560,3,"8 Mile",,0,85738,shp-560-64,1,1,8573
1827020,560,3,"8 Mile",,0,85678,shp-560-61,1,1,8567
1940070,560,2,"8 Mile",,0,85688,shp-560-61,1,1,8568
2895020,560,3,"8 Mile",,0,85618,shp-560-61,1,1,8561
3511020,560,3,"8 Mile",,0,85768,shp-560-61,1,1,8576
2263020,560,3,"8 Mile",,0,85638,shp-560-61,1,1,8563
474020,560,3,"8 Mile",,0,85728,shp-560-61,1,1,8572
2917020,560,3,"8 Mile",,0,85698,shp-560-61,1,1,8569
318070,560,2,"8 Mile",,0,85648,shp-560-64,1,1,8564
2698070,560,2,"8 Mile",,0,85608,shp-560-61,1,1,8560
788020,560,3,"8 Mile",,0,85668,shp-560-64,1,1,8566
1551010,560,1,"8 Mile",,0,85648,shp-560-64,1,1,8564
1368020,560,3,"8 Mile",,0,85768,shp-560-64,1,1,8576
3466020,560,3,"8 Mile",,0,85768,shp-560-61,1,1,8576
949010,560,1,"8 Mile",,0,85638,shp-560-61,1,1,8563
1618070,560,2,"8 Mile",,0,85668,shp-560-64,1,1,8566
2903070,560,2,"8 Mile",,0,85698,shp-560-64,1,1,8569
123010,560,1,"8 Mile",,0,85648,shp-560-64,1,1,8564
1555020,560,3,"8 Mile",,0,85728,shp-560-64,1,1,8572
1794070,560,2,"8 Mile",,0,85688,shp-560-64,1,1,8568
2928020,560,3,"8 Mile",,0,85658,shp-560-64,1,1,8565
853010,560,1,"8 Mile",,0,85608,shp-560-64,1,1,8560
366020,560,3,"8 Mile",,0,85698,shp-560-61,1,1,8569
1789070,560,2,"8 Mile",,0,85618,shp-560-61,1,1,8561
3113020,560,3,"8 Mile",,0,85718,shp-560-64,1,1,8571
1074020,560,3,"8 Mile",,0,85718,shp-560-61,1,1,8571
1615010,560,1,"8 Mile",,0,85648,shp-560-61,1,1,8564
1974020,560,3,"8 Mile",,0,85738,shp-560-61,1,1,8573
3305070,560,2,"8 Mile",,0,85638,shp-560-61,1,1,8563
2548020,560,3,"8 Mile",,0,85708,shp-560-61,1,1,8570
1869010,560,1,"8 Mile",,0,85658,shp-560-64,1,1,8565
2614070,560,2,"8 Mile",,0,85698,shp-560-61,1,1,8569
1265020,560,3,"8 Mile",,0,85608,shp-560-64,1,1,8560
2070020,560,3,"8 Mile",,0,85628,shp-560-61,1,1,8562
2176070,560,2,"8 Mile",,0,85618,shp-560-61,1,1,8561
2213020,560,3,"8 Mile",,0,85708,shp-560-64,1,1,8570
1090070,560,2,"8 Mile",,0,85638,shp-560-64,1,1,8563
274070,560,2,"8 Mile",,0,85708,shp-560-61,1,1,8570
1387070,560,2,"8 Mile",,0,85648,shp-560-61,1,1,8564
89010,560,1,"8 Mile",,0,85628,shp-560-61,1,1,8562
2158020,560,3,"8 Mile",,0,85648,shp-560-61,1,1,8564
1161070,560,2,"8 Mile",,0,85698,shp-560-61,1,1,8569
443070,560,2,"8 Mile",,0,85688,shp-560-61,1,1,8568
580020,560,3,"8 Mile",,0,85628,shp-560-61,1,1,8562
989020,560,3,"8 Mile",,0,85708,shp-560-61,1,1,8570
2552010,560,1,"8 Mile",,0,85638,shp-560-61,1,1,8563
1093020,560,3,"8 Mile",,0,85638,shp-560-61,1,1,8563
2945020,560,3,"8 Mile",,0,85658,shp-560-61,1,1,8565
2662070,560,2,"8 Mile",,0,85648,shp-560-64,1,1,8564
2980010,560,1,"8 Mile",,0,85608,shp-560-64,1,1,8560
2644020,560,3,"8 Mile",,0,85728,shp-560-61,1,1,8572
36010,560,1,"8 Mile",,0,85638,shp-560-64,1,1,8563
1003020,560,3,"8 Mile",,0,85618,shp-560-61,1,1,8561
1442070,560,2,"8 Mile",,0,85628,shp-560-64,1,1,8562
787020,560,3,"8 Mile",,0,85638,shp-560-64,1,1,8563
3467010,560,1,"8 Mile",,0,85628,shp-560-64,1,1,8562
3506010,560,1,"8 Mile",,0,85628,shp-560-61,1,1,8562
915020,560,3,"8 Mile",,0,85608,shp-560-61,1,1,8560
2083020,560,3,"8 Mile",,0,85738,shp-560-61,1,1,8573
3413070,560,2,"8 Mile",,0,85638,shp-560-61,1,1,8563
3414020,560,3,"8 Mile",,0,85698,shp-560-61,1,1,8569
1362070,560,2,"8 Mile",,0,85628,shp-560-61,1,1,8562
3443070,560,2,"8 Mile",,0,85668,shp-560-61,1,1,8566
651070,560,2,"8 Mile",,0,85668,shp-560-64,1,1,8566
58020,560,3,"8 Mile",,0,85718,shp-560-61,1,1,8571
970020,560,3,"8 Mile",,0,85648,shp-560-61,1,1,8564
2121020,560,3,"8 Mile",,0,85648,shp-560-61,1,1,8564
3266070,560,2,"8 Mile",,0,85708,shp-560-61,1,1,8570
914070,560,2,"8 Mile",,0,85638,shp-560-64,1,1,8563
2767020,560,3,"8 Mile",,0,85748,shp-560-61,1,1,8574
1210020,560,3,"8 Mile",,0,85608,shp-560-61,1,1,8560
812070,560,2,"8 Mile",,0,85678,shp-560-64,1,1,8567
2470070,560,2,"8 Mile",,0,85678,shp-560-61,1,1,8567
3264020,560,3,"8 Mile",,0,85758,shp-560-64,1,1,8575
3315070,560,2,"8 Mile",,0,85688,shp-560-64,1,1,8568
2566020,560,3,"8 Mile",,0,85668,shp-560-61,1,1,8566
3519020,560,3,"8 Mile",,0,85758,shp-560-61,1,1,8575
3489020,560,3,"8 Mile",,0,85668,shp-560-61,1,1,8566
3265020,560,3,"8 Mile",,0,85628,shp-560-64,1,1,8562
2862020,560,3,"8 Mile",,0,85698,shp-560-64,1,1,8569
1951070,560,2,"8 Mile",,0,85648,shp-560-61,1,1,8564
2448020,560,3,"8 Mile",,0,85688,shp-560-61,1,1,8568
3177070,560,2,"8 Mile",,0,85608,shp-560-64,1,1,8560
977020,560,3,"8 Mile",,0,85758,shp-560-61,1,1,8575
1319020,560,3,"8 Mile",,0,85748,shp-560-64,1,1,8574
3175070,560,2,"8 Mile",,0,85608,shp-560-64,1,1,8560
2324020,560,3,"8 Mile",,0,85748,shp-560-61,1,1,8574
622020,560,3,"8 Mile",,0,85678,shp-560-61,1,1,8567
1498070,560,2,"8 Mile",,0,85668,shp-560-61,1,1,8566
1858070,560,2,"8 Mile",,0,85628,shp-560-64,1,1,8562
68020,560,3,"8 Mile",,0,85658,shp-560-61,1,1,8565
1241020,560,3,"8 Mile",,0,85668,shp-560-61,1,1,8566
3396020,560,3,"8 Mile",,0,85628,shp-560-64,1,1,8562
2141070,560,2,"8 Mile",,0,85698,shp-560-64,1,1,8569
458070,560,2,"8 Mile",,0,85618,shp-560-64,1,1,8561
946020,560,3,"8 Mile",,0,85648,shp-560-64,1,1,8564
1472020,560,3,"8 Mile",,0,85678,shp-560-64,1,1,8567
1017070,560,2,"New Baltimore",,1,85618,shp-560-10,1,1,8561
2053020,560,3,"New Baltimore",,1,85688,shp-560-10,1,1,8568
3262010,560,1,"New Baltimore",,1,85608,shp-560-10,1,1,8560
2035020,560,3,"New Baltimore",,1,85698,shp-560-10,1,1,8569
1523020,560,3,"New Baltimore",,1,85708,shp-560-10,1,1,8570
1929010,560,1,"New Baltimore",,1,85618,shp-560-10,1,1,8561
1249020,560,3,"New Baltimore",,1,85728,shp-560-10,1,1,8572
511020,560,3,"New Baltimore",,1,85768,shp-560-10,1,1,8576
191020,560,3,"New Baltimore",,1,85638,shp-560-10,1,1,8563
2145070,560,2,"New Baltimore",,1,85688,shp-560-10,1,1,8568
1752020,560,3,"New Baltimore",,1,85658,shp-560-10,1,1,8565
113070,560,2,"New Baltimore",,1,85628,shp-560-10,1,1,8562
749070,560,2,"New Baltimore",,1,85678,shp-560-10,1,1,8567
1129020,560,3,"New Baltimore",,1,85668,shp-560-10,1,1,8566
2525010,560,1,"New Baltimore",,1,85618,shp-560-10,1,1,8561
3055070,560,2,"New Baltimore",,1,85638,shp-560-10,1,1,8563
3211020,560,3,"New Baltimore",,1,85648,shp-560-10,1,1,8564
2695070,560,2,"New Baltimore",,1,85648,shp-560-10,1,1,8564
3309070,560,2,"New Baltimore",,1,85698,shp-560-10,1,1,8569
3483070,560,2,"New Baltimore",,1,85608,shp-560-10,1,1,8560
1248010,560,1,"New Baltimore",,1,85658,shp-560-10,1,1,8565
409070,560,2,"New Baltimore",,1,85608,shp-560-10,1,1,8560
2593010,560,1,"New Baltimore",,1,85628,shp-560-10,1,1,8562
2105020,560,3,"New Baltimore",,1,85678,shp-560-10,1,1,8567
2276010,560,1,"New Baltimore",,1,85648,shp-560-10,1,1,8564
3322020,560,3,"New Baltimore",,1,85748,shp-560-10,1,1,8574
878020,560,3,"New Baltimore",,1,87348,shp-560-10,1,1,8734
416020,560,3,"New Baltimore",,1,85758,shp-560-10,1,1,8575
1770020,560,3,"New Baltimore",,1,85628,shp-560-10,1,1,8562
374070,560,2,"New Baltimore",,1,85638,shp-560-10,1,1,8563
2076020,560,3,"New Baltimore",,1,85618,shp-560-10,1,1,8561
2043020,560,3,"New Baltimore",,1,85658,shp-560-10,1,1,8565
865010,560,1,"New Baltimore",,1,85658,shp-560-10,1,1,8565
526020,560,3,"New Baltimore",,1,85738,shp-560-10,1,1,8573
3529010,560,1,"New Baltimore",,1,85638,shp-560-10,1,1,8563
893070,560,2,"New Baltimore",,1,85668,shp-560-10,1,1,8566
3343070,560,2,"New Baltimore",,1,85628,shp-560-10,1,1,8562
2918020,560,3,"New Baltimore",,1,85718,shp-560-10,1,1,8571
2820070,560,2,"New Baltimore",,1,85688,shp-560-10,1,1,8568
1057070,560,2,"New Baltimore",,1,85668,shp-560-10,1,1,8566
236070,560,2,"New Baltimore",,1,85618,shp-560-10,1,1,8561
2180070,560,2,"New Baltimore",,1,85708,shp-560-10,1,1,8570
1729070,560,2,"New Baltimore",,1,85698,shp-560-10,1,1,8569
88070,560,2,"New Baltimore",,1,85708,shp-560-10,1,1,8570
1269020,560,3,"New Baltimore",,1,85608,shp-560-10,1,1,8560
3464070,561,2,"23 Mile",,1,88562561,shp-561-04,1,1,88562
3435020,561,3,"23 Mile",,1,82561561,shp-561-04,1,1,82561
791020,561,3,"23 Mile",,1,82564561,shp-561-04,1,1,82564
3384020,561,3,"23 Mile",,1,82566561,shp-561-04,1,1,82566
1270020,561,3,"23 Mile",,1,82563561,shp-561-04,1,1,82563
2211020,561,3,"23 Mile",,1,82563561,shp-561-04,1,1,82563
826020,561,3,"23 Mile",,1,82564561,shp-561-04,1,1,82564
2061020,561,3,"23 Mile",,1,82570561,shp-561-04,1,1,82570
34010,561,1,"23 Mile",,1,88562561,shp-561-04,1,1,88562
712070,561,2,"23 Mile",,1,88561561,shp-561-04,1,1,88561
1699020,561,3,"23 Mile",,1,82564561,shp-561-04,1,1,82564
739020,561,3,"23 Mile",,1,82562561,shp-561-04,1,1,82562
2222070,561,2,"23 Mile",,1,88565561,shp-561-04,1,1,88565
13020,561,3,"23 Mile",,1,82567561,shp-561-04,1,1,82567
1757020,561,3,"23 Mile",,1,82565561,shp-561-04,1,1,82565
559020,561,3,"23 Mile",,1,82562561,shp-561-04,1,1,82562
1594070,561,2,"23 Mile",,1,88564561,shp-561-04,1,1,88564
397020,561,3,"23 Mile",,1,82566561,shp-561-04,1,1,82566
2055070,561,2,"23 Mile",,1,88561561,shp-561-04,1,1,88561
1464070,561,2,"23 Mile",,1,88565561,shp-561-04,1,1,88565
689070,561,2,"23 Mile",,1,88563561,shp-561-04,1,1,88563
561020,561,3,"23 Mile",,1,82567561,shp-561-04,1,1,82567
1782020,561,3,"23 Mile",,1,82562561,shp-561-04,1,1,82562
863020,561,3,"23 Mile",,1,82563561,shp-561-04,1,1,82563
3295020,561,3,"23 Mile",,1,82567561,shp-561-04,1,1,82567
1976020,561,3,"23 Mile",,1,82568561,shp-561-04,1,1,82568
2007020,561,3,"23 Mile",,1,82566561,shp-561-04,1,1,82566
2900070,561,2,"23 Mile",,1,88562561,shp-561-04,1,1,88562
735020,561,3,"23 Mile",,1,82564561,shp-561-04,1,1,82564
1586010,561,1,"23 Mile",,1,88565561,shp-561-04,1,1,88565
2231020,561,3,"23 Mile",,1,82569561,shp-561-04,1,1,82569
1146070,561,2,"23 Mile",,1,88563561,shp-561-04,1,1,88563
1689020,561,3,"23 Mile",,1,82570561,shp-561-04,1,1,82570
3241020,561,3,"23 Mile",,1,82566561,shp-561-04,1,1,82566
3312010,561,1,"23 Mile",,1,88564561,shp-561-04,1,1,88564
1449070,561,2,"23 Mile",,1,88562561,shp-561-04,1,1,88562
1054020,561,3,"23 Mile",,1,82562561,shp-561-04,1,1,82562
2492010,561,1,"23 Mile",,1,88565561,shp-561-04,1,1,88565
1758020,561,3,"23 Mile",,1,82562561,shp-561-04,1,1,82562
967070,561,2,"23 Mile",,1,88565561,shp-561-04,1,1,88565
3120020,561,3,"23 Mile",,1,82566561,shp-561-04,1,1,82566
1132020,561,3,"23 Mile",,1,82568561,shp-561-04,1,1,82568
2088020,561,3,"23 Mile",,1,82564561,shp-561-04,1,1,82564
1675020,561,3,"23 Mile",,1,82563561,shp-561-04,1,1,82563
545020,561,3,"23 Mile",,1,82563561,shp-561-04,1,1,82563
1698070,561,2,"23 Mile",,1,88561561,shp-561-04,1,1,88561
1831010,561,1,"23 Mile",,1,88561561,shp-561-04,1,1,88561
1625010,561,1,"23 Mile",,1,88562561,shp-561-04,1,1,88562
765020,561,3,"23 Mile",,1,82568561,shp-561-04,1,1,82568
1364020,561,3,"23 Mile",,1,82562561,shp-561-04,1,1,82562
3067010,561,1,"23 Mile",,1,88561561,shp-561-04,1,1,88561
3110070,561,2,"23 Mile",,1,88563561,shp-561-04,1,1,88563
1095070,561,2,"23 Mile",,1,88561561,shp-561-04,1,1,88561
1219020,561,3,"23 Mile",,1,82566561,shp-561-04,1,1,82566
1711020,561,3,"23 Mile",,1,82565561,shp-561-04,1,1,82565
20070,561,2,"23 Mile",,1,88565561,shp-561-04,1,1,88565
2636020,561,3,"23 Mile",,1,82561561,shp-561-04,1,1,82561
3037070,561,2,"23 Mile",,1,88564561,shp-561-04,1,1,88564
502020,561,3,"23 Mile",,1,82565561,shp-561-04,1,1,82565
2828020,561,3,"23 Mile",,1,82565561,shp-561-04,1,1,82565
1891020,561,3,"23 Mile",,1,82564561,shp-561-04,1,1,82564
3421070,561,2,"23 Mile",,1,88566561,shp-561-04,1,1,88566
1559020,561,3,"23 Mile",,1,82562561,shp-561-04,1,1,82562
359010,561,1,"23 Mile",,1,88563561,shp-561-04,1,1,88563
2609020,561,3,"23 Mile",,1,82568561,shp-561-04,1,1,82568
1244010,561,1,"23 Mile",,1,88566561,shp-561-04,1,1,88566
1545070,561,2,"23 Mile",,1,88566561,shp-561-04,1,1,88566
342070,561,2,"23 Mile",,1,88562561,shp-561-04,1,1,88562
1279070,561,2,"23 Mile",,1,88564561,shp-561-04,1,1,88564
44070,561,2,"23 Mile",,1,88564561,shp-561-04,1,1,88564
2193070,561,2,"23 Mile",,1,88565561,shp-561-04,1,1,88565
1972070,561,2,"23 Mile",,1,88563561,shp-561-04,1,1,88563
14070,561,2,"23 Mile",,1,88563561,shp-561-04,1,1,88563
1374020,561,3,"23 Mile",,1,82570561,shp-561-04,1,1,82570
2179010,561,1,"23 Mile",,1,88562561,shp-561-04,1,1,88562
1058020,561,3,"23 Mile",,1,82565561,shp-561-04,1,1,82565
135020,561,3,"23 Mile",,1,82561561,shp-561-04,1,1,82561
3197020,561,3,"23 Mile",,1,82568561,shp-561-04,1,1,82568
2533010,561,1,"23 Mile",,1,88566561,shp-561-04,1,1,88566
669020,561,3,"23 Mile",,1,82564561,shp-561-04,1,1,82564
2240070,561,2,"23 Mile",,1,88565561,shp-561-04,1,1,88565
1893020,561,3,"23 Mile",,1,82568561,shp-561-04,1,1,82568
2920070,561,2,"23 Mile",,1,88564561,shp-561-04,1,1,88564
952070,561,2,"23 Mile",,1,88563561,shp-561-04,1,1,88563
711070,561,2,"23 Mile",,1,88562561,shp-561-04,1,1,88562
589010,561,1,"23 Mile",,1,88564561,shp-561-04,1,1,88564
1917020,561,3,"23 Mile",,1,82563561,shp-561-04,1,1,82563
3196020,561,3,"23 Mile",,1,82567561,shp-561-04,1,1,82567
3186020,561,3,"23 Mile",,1,82565561,shp-561-04,1,1,82565
864070,561,2,"23 Mile",,1,88566561,shp-561-04,1,1,88566
3254020,561,3,"23 Mile",,1,82567561,shp-561-04,1,1,82567
3179070,561,2,"23 Mile",,1,88566561,shp-561-04,1,1,88566
2800070,561,2,"23 Mile",,1,88561561,shp-561-04,1,1,88561
260020,561,3,"23 Mile",,1,82563561,shp-561-04,1,1,82563
3348020,561,3,"23 Mile",,1,82566561,shp-561-04,1,1,82566
134020,561,3,"23 Mile",,1,82565561,shp-561-04,1,1,82565
950020,561,3,"23 Mile",,1,82566561,shp-561-04,1,1,82566
2682020,561,3,"23 Mile",,1,82562561,shp-561-04,1,1,82562
3503070,561,2,"23 Mile",,1,88564561,shp-561-04,1,1,88564
3070,561,2,"23 Mile",,1,88561561,shp-561-04,1,1,88561
3228020,561,3,"23 Mile",,1,82563561,shp-561-04,1,1,82563
2148020,561,3,"23 Mile",,1,82568561,shp-561-04,1,1,82568
3501020,561,3,"23 Mile",,1,82567561,shp-561-04,1,1,82567
509020,561,3,"23 Mile",,1,82567561,shp-561-04,1,1,82567
903070,561,2,"23 Mile",,1,88562561,shp-561-04,1,1,88562
3424070,561,2,"23 Mile",,1,88566561,shp-561-04,1,1,88566
3144070,561,2,"23 Mile",,1,88566561,shp-561-04,1,1,88566
3392020,561,3,"23 Mile",,1,82561561,shp-561-04,1,1,82561
487020,561,3,"23 Mile",,1,82561561,shp-561-04,1,1,82561
2569010,561,1,"23 Mile",,1,88564561,shp-561-04,1,1,88564
1642010,561,1,"23 Mile",,1,88563561,shp-561-04,1,1,88563
3552070,561,2,"Detroit",,0,88562561,shp-561-54,1,1,88562
264010,561,1,"Detroit",,0,88562561,shp-561-54,1,1,88562
2530020,561,3,"Detroit",,0,82567561,shp-561-54,1,1,82567
972070,561,2,"Detroit",,0,88562561,shp-561-54,1,1,88562
3157070,561,2,"Detroit",,0,88562561,shp-561-54,1,1,88562
1740020,561,3,"Detroit",,0,82564561,shp-561-54,1,1,82564
888020,561,3,"Detroit",,0,82563561,shp-561-54,1,1,82563
1147010,561,1,"Detroit",,0,88561561,shp-561-54,1,1,88561
841070,561,2,"Detroit",,0,88561561,shp-561-54,1,1,88561
2853070,561,2,"Detroit",,0,88566561,shp-561-54,1,1,88566
462010,561,1,"Detroit",,0,88563561,shp-561-54,1,1,88563
213020,561,3,"Detroit",,0,82561561,shp-561-54,1,1,82561
1302010,561,1,"Detroit",,0,88565561,shp-561-54,1,1,88565
1543020,561,3,"Detroit",,0,82569561,shp-561-54,1,1,82569
1659020,561,3,"Detroit",,0,82561561,shp-561-54,1,1,82561
963020,561,3,"Detroit",,0,82565561,shp-561-54,1,1,82565
3498020,561,3,"Detroit",,0,82562561,shp-561-54,1,1,82562
1635020,561,3,"Detroit",,0,82561561,shp-561-54,1,1,82561
2910020,561,3,"Detroit",,0,82562561,shp-561-54,1,1,82562
3512020,561,3,"Detroit",,0,82567561,shp-561-54,1,1,82567
3100070,561,2,"Detroit",,0,88564561,shp-561-54,1,1,88564
1558070,561,2,"Detroit",,0,88565561,shp-561-54,1,1,88565
261020,561,3,"Detroit",,0,82565561,shp-561-54,1,1,82565
3311070,561,2,"Detroit",,0,88566561,shp-561-54,1,1,88566
1488070,561,2,"Detroit",,0,88563561,shp-561-54,1,1,88563
2252020,561,3,"Detroit",,0,82568561,shp-561-54,1,1,82568
2182020,561,3,"Detroit",,0,82562561,shp-561-54,1,1,82562
650070,561,2,"Detroit",,0,88564561,shp-561-54,1,1,88564
2495070,561,2,"Detroit",,0,88564561,shp-561-54,1,1,88564
2612020,561,3,"Detroit",,0,82562561,shp-561-54,1,1,82562
1597070,561,2,"Detroit",,0,88562561,shp-561-54,1,1,88562
2654020,561,3,"Detroit",,0,82562561,shp-561-54,1,1,82562
1622070,561,2,"Detroit",,0,88564561,shp-561-54,1,1,88564
585070,561,2,"Detroit",,0,88563561,shp-561-54,1,1,88563
1398020,561,3,"Detroit",,0,82562561,shp-561-54,1,1,82562
2144070,561,2,"Detroit",,0,88565561,shp-561-54,1,1,88565
1110010,561,1,"Detroit",,0,88561561,shp-561-54,1,1,88561
2315070,561,2,"Detroit",,0,88563561,shp-561-54,1,1,88563
2921020,561,3,"Detroit",,0,82567561,shp-561-54,1,1,82567
1628070,561,2,"Detroit",,0,88566561,shp-561-54,1,1,88566
1035070,561,2,"Detroit",,0,88561561,shp-561-54,1,1,88561
56020,561,3,"Detroit",,0,82570561,shp-561-54,1,1,82570
3258020,561,3,"Detroit",,0,82570561,shp-561-54,1,1,82570
2453020,561,3,"Detroit",,0,82564561,shp-561-54,1,1,82564
1669020,561,3,"Detroit",,0,82563561,shp-561-54,1,1,82563
2333020,561,3,"Detroit",,0,82565561,shp-561-54,1,1,82565
3555020,561,3,"Detroit",,0,82566561,shp-561-54,1,1,82566
2415020,561,3,"Detroit",,0,82563561,shp-561-54,1,1,82563
2172020,561,3,"Detroit",,0,82562561,shp-561-54,1,1,82562
817020,561,3,"Detroit",,0,82566561,shp-561-54,1,1,82566
1777020,561,3,"Detroit",,0,82568561,shp-561-54,1,1,82568
518010,561,1,"Detroit",,0,88563561,shp-561-54,1,1,88563
724070,561,2,"Detroit",,0,88564561,shp-561-54,1,1,88564
2590070,561,2,"Detroit",,0,88565561,shp-561-54,1,1,88565
2797070,561,2,"Detroit",,0,88561561,shp-561-54,1,1,88561
1232010,561,1,"Detroit",,0,88561561,shp-561-54,1,1,88561
2000020,561,3,"Detroit",,0,82566561,shp-561-54,1,1,82566
387070,561,2,"Detroit",,0,88561561,shp-561-54,1,1,88561
2913010,561,1,"Detroit",,0,88566561,shp-561-54,1,1,88566
30020,561,3,"Detroit",,0,82567561,shp-561-54,1,1,82567
2778070,561,2,"Detroit",,0,88563561,shp-561-54,1,1,88563
3057010,561,1,"Detroit",,0,88564561,shp-561-54,1,1,88564
219020,561,3,"Detroit",,0,82567561,shp-561-54,1,1,82567
2799020,561,3,"Detroit",,0,82561561,shp-561-54,1,1,82561
2438020,561,3,"Detroit",,0,82568561,shp-561-54,1,1,82568
263020,561,3,"Detroit",,0,82568561,shp-561-54,1,1,82568
293020,561,3,"Detroit",,0,82563561,shp-561-54,1,1,82563
137020,561,3,"Detroit",,0,82566561,shp-561-54,1,1,82566
2224070,561,2,"Detroit",,0,88563561,shp-561-54,1,1,88563
3284020,561,3,"Detroit",,0,82568561,shp-561-54,1,1,82568
2798020,561,3,"Detroit",,0,82564561,shp-561-54,1,1,82564
2037070,561,2,"Detroit",,0,88566561,shp-561-54,1,1,88566
542070,561,2,"Detroit",,0,88564561,shp-561-54,1,1,88564
2471070,561,2,"Detroit",,0,88561561,shp-561-54,1,1,88561
2983020,561,3,"Detroit",,0,82567561,shp-561-54,1,1,82567
729020,561,3,"Detroit",,0,82564561,shp-561-54,1,1,82564
598020,561,3,"Detroit",,0,82565561,shp-561-54,1,1,82565
3001020,561,3,"Detroit",,0,82563561,shp-561-54,1,1,82563
3507070,561,2,"Detroit",,0,88565561,shp-561-54,1,1,88565
298070,561,2,"Detroit",,0,88565561,shp-561-54,1,1,88565
107070,561,2,"Detroit",,0,88562561,shp-561-54,1,1,88562
2092010,561,1,"Detroit",,0,88562561,shp-561-54,1,1,88562
2602020,561,3,"Detroit",,0,82566561,shp-561-54,1,1,82566
990020,561,3,"Detroit",,0,82563561,shp-561-54,1,1,82563
166070,561,2,"Detroit",,0,88561561,shp-561-54,1,1,88561
1800010,561,1,"Detroit",,0,88565561,shp-561-54,1,1,88565
1064010,561,1,"Detroit",,0,88563561,shp-561-54,1,1,88563
1880020,561,3,"Detroit",,0,82563561,shp-561-54,1,1,82563
601070,561,2,"Detroit",,0,88563561,shp-561-54,1,1,88563
3215020,561,3,"Detroit",,0,82567561,shp-561-54,1,1,82567
2779070,561,2,"Detroit",,0,88566561,shp-561-54,1,1,88566
2867070,561,2,"Detroit",,0,88565561,shp-561-54,1,1,88565
872020,561,3,"Detroit",,0,82565561,shp-561-54,1,1,82565
1500020,561,3,"Detroit",,0,82561561,shp-561-54,1,1,82561
867070,561,2,"Detroit",,0,88562561,shp-561-54,1,1,88562
1144020,561,3,"Detroit",,0,82564561,shp-561-54,1,1,82564
1336020,561,3,"Detroit",,0,82565561,shp-561-54,1,1,82565
2010070,561,2,"Detroit",,0,88566561,shp-561-54,1,1,88566
1997020,561,3,"Detroit",,0,82568561,shp-561-54,1,1,82568
2950020,561,3,"Detroit",,0,82566561,shp-561-54,1,1,82566
1385020,561,3,"Detroit",,0,82566561,shp-561-54,1,1,82566
442010,561,1,"Detroit",,0,88564561,shp-561-54,1,1,88564
2244070,561,2,"Detroit",,0,88562561,shp-561-54,1,1,88562
2077020,561,3,"Detroit",,0,82565561,shp-561-54,1,1,82565
3088020,561,3,"Detroit",,0,82564561,shp-561-54,1,1,82564
1998020,561,3,"Detroit",,0,82564561,shp-561-54,1,1,82564
2683010,561,1,"Detroit",,0,88566561,shp-561-54,1,1,88566
2526010,561,1,"Detroit",,0,88565561,shp-561-54,1,1,88565
1193020,561,3,"Detroit",,0,82568561,shp-561-54,1,1,82568
2201070,610,2,"Detroit",,0,86108,shp-610-54,1,1,8610
760070,610,2,"Detroit",,0,86158,shp-610-54,1,1,8615
2809070,610,2,"Detroit",,0,86148,shp-610-54,1,1,8614
1621010,610,1,"Detroit",,0,86138,shp-610-53,1,1,8613
2109020,610,3,"Detroit",,0,86118,shp-610-54,1,1,8611
255020,610,3,"Detroit",,0,86138,shp-610-54,1,1,8613
485010,610,1,"Detroit",,0,86118,shp-610-53,1,1,8611
3204020,610,3,"Detroit",,0,86138,shp-610-54,1,1,8613
278010,610,1,"Detroit",,0,86128,shp-610-53,1,1,8612
3304020,610,3,"Detroit",,0,86118,shp-610-54,1,1,8611
3080070,610,2,"Detroit",,0,86178,shp-610-54,1,1,8617
1614010,610,1,"Detroit",,0,86108,shp-610-53,1,1,8610
2075020,610,3,"Detroit",,0,86138,shp-610-54,1,1,8613
1665020,610,3,"Detroit",,0,86128,shp-610-54,1,1,8612
1651020,610,3,"Detroit",,0,86138,shp-610-54,1,1,8613
871010,610,1,"Detroit",,0,86138,shp-610-53,1,1,8613
2277020,610,3,"Detroit",,0,86118,shp-610-54,1,1,8611
228010,610,1,"Detroit",,0,86138,shp-610-53,1,1,8613
2524020,610,3,"Detroit",,0,86108,shp-610-54,1,1,8610
1135070,610,2,"Detroit",,0,86158,shp-610-54,1,1,8615
606020,610,3,"Detroit",,0,86108,shp-610-54,1,1,8610
1922020,610,3,"Detroit",,0,86138,shp-610-54,1,1,8613
1445010,610,1,"Detroit",,0,86108,shp-610-53,1,1,8610
3444070,610,2,"Detroit",,0,86128,shp-610-54,1,1,8612
2266070,610,2,"Detroit",,0,86108,shp-610-54,1,1,8610
3248070,610,2,"Detroit",,0,86128,shp-610-54,1,1,8612
1309010,610,1,"Detroit",,0,86158,shp-610-53,1,1,8615
2421070,610,2,"Detroit",,0,86138,shp-610-54,1,1,8613
2488020,610,3,"Detroit",,0,86118,shp-610-54,1,1,8611
1705010,610,1,"Detroit",,0,86128,shp-610-53,1,1,8612
1346070,610,2,"Detroit",,0,86118,shp-610-54,1,1,8611
3149020,610,3,"Detroit",,0,86128,shp-610-54,1,1,8612
3482020,610,3,"Detroit",,0,86108,shp-610-54,1,1,8610
3145070,610,2,"Detroit",,0,86178,shp-610-54,1,1,8617
312070,610,2,"Detroit",,0,86168,shp-610-54,1,1,8616
1106020,610,3,"Detroit",,0,86128,shp-610-54,1,1,8612
1818070,610,2,"Detroit",,0,86118,shp-610-54,1,1,8611
1496020,610,3,"Detroit",,0,86128,shp-610-54,1,1,8612
2626070,610,2,"Detroit",,0,86178,shp-610-54,1,1,8617
2456020,610,3,"Detroit",,0,86108,shp-610-54,1,1,8610
3062010,610,1,"Detroit",,0,86148,shp-610-53,1,1,8614
398070,610,2,"Detroit",,0,86168,shp-610-54,1,1,8616
2140070,610,2,"Detroit",,0,86158,shp-610-54,1,1,8615
2785020,610,3,"Detroit",,0,86118,shp-610-54,1,1,8611
743010,610,1,"Detroit",,0,86148,shp-610-53,1,1,8614
3475070,610,2,"Detroit",,0,86148,shp-610-54,1,1,8614
1691070,610,2,"Detroit",,0,86138,shp-610-54,1,1,8613
1397010,610,1,"Mount Clemens",,1,86108,shp-610-04,1,1,8610
1211070,610,2,"Mount Clemens",,1,86168,shp-610-03,1,1,8616
2528010,610,1,"Mount Clemens",,1,86128,shp-610-04,1,1,8612
2428070,610,2,"Mount Clemens",,1,86128,shp-610-03,1,1,8612
3431070,610,2,"Mount Clemens",,1,86158,shp-610-03,1,1,8615
275020,610,3,"Mount Clemens",,1,86138,shp-610-03,1,1,8613
1638070,610,2,"Mount Clemens",,1,86128,shp-610-03,1,1,8612
1148070,610,2,"Mount Clemens",,1,86118,shp-610-03,1,1,8611
1015070,610,2,"Mount Clemens",,1,86168,shp-610-03,1,1,8616
1610010,610,1,"Mount Clemens",,1,86128,shp-610-04,1,1,8612
2049010,610,1,"Mount Clemens",,1,86138,shp-610-04,1,1,8613
2601020,610,3,"Mount Clemens",,1,86138,shp-610-03,1,1,8613
2964070,610,2,"Mount Clemens",,1,86108,shp-610-03,1,1,8610
1719020,610,3,"Mount Clemens",,1,86118,shp-610-03,1,1,8611
3412010,610,1,"Mount Clemens",,1,86128,shp-610-04,1,1,8612
2065020,610,3,"Mount Clemens",,1,86118,shp-610-03,1,1,8611
2865010,610,1,"Mount Clemens",,1,86118,shp-610-04,1,1,8611
2298070,610,2,"Mount Clemens",,1,86148,shp-610-03,1,1,8614
3242020,610,3,"Mount Clemens",,1,86108,shp-610-03,1,1,8610
1301010,610,1,"Mount Clemens",,1,86138,shp-610-04,1,1,8613
1021070,610,2,"Mount Clemens",,1,86148,shp-610-03,1,1,8614
1208020,610,3,"Mount Clemens",,1,86128,shp-610-03,1,1,8612
3090070,610,2,"Mount Clemens",,1,86168,shp-610-03,1,1,8616
672020,610,3,"Mount Clemens",,1,86128,shp-610-03,1,1,8612
1405020,610,3,"Mount Clemens",,1,86108,shp-610-03,1,1,8610
94070,610,2,"Mount Clemens",,1,86108,shp-610-03,1,1,8610
116010,610,1,"Mount Clemens",,1,86148,shp-610-04,1,1,8614
660020,610,3,"Mount Clemens",,1,86118,shp-610-03,1,1,8611
1018010,610,1,"Mount Clemens",,1,86148,shp-610-04,1,1,8614
3097010,610,1,"Mount Clemens",,1,86158,shp-610-04,1,1,8615
1104070,610,2,"Mount Clemens",,1,86178,shp-610-03,1,1,8617
603070,610,2,"Mount Clemens",,1,86148,shp-610-03,1,1,8614
1115020,610,3,"Mount Clemens",,1,86128,shp-610-03,1,1,8612
2634020,610,3,"Mount Clemens",,1,86118,shp-610-03,1,1,8611
1566070,610,2,"Mount Clemens",,1,86158,shp-610-03,1,1,8615
3136070,610,2,"Mount Clemens",,1,86138,shp-610-03,1,1,8613
2667010,610,1,"Mount Clemens",,1,86108,shp-610-04,1,1,8610
1416020,610,3,"Mount Clemens",,1,86128,shp-610-03,1,1,8612
165020,610,3,"Mount Clemens",,1,86138,shp-610-03,1,1,8613
2830020,610,3,"Mount Clemens",,1,86108,shp-610-03,1,1,8610
216070,610,2,"Mount Clemens",,1,86118,shp-610-03,1,1,8611
2858020,610,3,"Mount Clemens",,1,86108,shp-610-03,1,1,8610
300020,610,3,"Mount Clemens",,1,86138,shp-610-03,1,1,8613
307070,610,2,"Mount Clemens",,1,86178,shp-610-03,1,1,8617
2998020,610,3,"Mount Clemens",,1,86128,shp-610-03,1,1,8612
2045020,610,3,"Mount Clemens",,1,86108,shp-610-03,1,1,8610
1431070,610,2,"Mount Clemens",,1,86138,shp-610-03,1,1,8613
2880020,615,3,"Mack / Moross",,0,85548,shp-615-51,1,1,8554
157020,615,3,"Mack / Moross",,0,85558,shp-615-51,1,1,8555
1537020,615,3,"Mack / Moross",,0,85508,shp-615-51,1,1,8550
839020,615,3,"Mack / Moross",,0,85558,shp-615-51,1,1,8555
845020,615,3,"Mack / Moross",,0,85558,shp-615-51,1,1,8555
331020,615,3,"Mack / Moross",,0,85528,shp-615-51,1,1,8552
934020,615,3,"Mack / Moross",,0,85498,shp-615-51,1,1,8549
2288020,615,3,"Mack / Moross",,0,85528,shp-615-51,1,1,8552
924020,615,3,"Mack / Moross",,0,85538,shp-615-51,1,1,8553
2480020,615,3,"Mack / Moross",,0,85538,shp-615-51,1,1,8553
898020,615,3,"Mack / Moross",,0,85518,shp-615-51,1,1,8551
609020,615,3,"Mack / Moross",,0,85518,shp-615-51,1,1,8551
2034020,615,3,"Mack / Moross",,0,85538,shp-615-51,1,1,8553
71020,615,3,"Mack / Moross",,0,85518,shp-615-51,1,1,8551
338020,615,3,"Mack / Moross",,0,85548,shp-615-51,1,1,8554
2396020,615,3,"Macomb Mall",,1,85548,shp-615-01,1,1,8554
2957020,615,3,"Macomb Mall",,1,85558,shp-615-01,1,1,8555
1329020,615,3,"Macomb Mall",,1,85498,shp-615-01,1,1,8549
593020,615,3,"Macomb Mall",,1,85548,shp-615-01,1,1,8554
573020,615,3,"Macomb Mall",,1,85508,shp-615-01,1,1,8550
1393020,615,3,"Macomb Mall",,1,85518,shp-615-01,1,1,8551
195020,615,3,"Macomb Mall",,1,85538,shp-615-01,1,1,8553
2926020,615,3,"Macomb Mall",,1,85528,shp-615-01,1,1,8552
1383020,615,3,"Macomb Mall",,1,85528,shp-615-01,1,1,8552
449020,615,3,"Macomb Mall",,1,85558,shp-615-01,1,1,8555
253020,615,3,"Macomb Mall",,1,85538,shp-615-01,1,1,8553
1912020,615,3,"Macomb Mall",,1,85548,shp-615-01,1,1,8554
688020,615,3,"Macomb Mall",,1,85508,shp-615-01,1,1,8550
1658020,615,3,"Macomb Mall",,1,85518,shp-615-01,1,1,8551
310020,615,3,"Macomb Mall",,1,85538,shp-615-01,1,1,8553
3479020,615,3,"Macomb Mall",,1,85528,shp-615-01,1,1,8552
1357020,620,3,"Detroit",,0,88018,shp-620-51,1,1,8801
2894020,620,3,"Detroit",,0,85148,shp-620-51,1,1,8514
2304020,620,3,"Macomb Mall",,1,88038,shp-620-01,1,1,8803
124020,620,3,"Macomb Mall",,1,87348,shp-620-01,1,1,8734
2686020,635,3,"Detroit",,0,88008,shp-635-51,1,1,8800
1233020,635,3,"Detroit",,0,88018,shp-635-51,1,1,8801
369020,635,3,"Harrison Township",,1,88048,shp-635-01,1,1,8804
3000020,635,3,"Harrison Township",,1,88038,shp-635-01,1,1,8803
453010,710,1,"Evergreen / 10 Mile",,0,87118,shp-710-06,1,1,8711
1399010,710,1,"Evergreen / 10 Mile",,0,27102,shp-710-09,1,1,2710
2823010,710,1,"Evergreen / 10 Mile",,0,27112,shp-710-06,1,1,2711
250010,710,1,"Evergreen / 10 Mile",,0,27112,shp-710-06,1,1,2711
155010,710,1,"Evergreen / 10 Mile",,0,87128,shp-710-06,1,1,8712
2177010,710,1,"Evergreen / 10 Mile",,0,87108,shp-710-09,1,1,8710
417010,710,1,"Evergreen / 10 Mile",,0,27122,shp-710-06,1,1,2712
2696010,710,1,"Evergreen / 10 Mile",,0,87108,shp-710-06,1,1,8710
956010,710,1,"Evergreen / 10 Mile",,0,87108,shp-710-06,1,1,8710
3437010,710,1,"Evergreen / 10 Mile",,0,27122,shp-710-06,1,1,2712
1415010,710,1,"Evergreen / 10 Mile",,0,87118,shp-710-06,1,1,8711
2554010,710,1,"Evergreen / 10 Mile",,0,87118,shp-710-06,1,1,8711
2199010,710,1,"Evergreen / 10 Mile",,0,27112,shp-710-06,1,1,2711
2746010,710,1,"Evergreen / 10 Mile",,0,87128,shp-710-06,1,1,8712
1515010,710,1,"Evergreen / 10 Mile",,0,27122,shp-710-06,1,1,2712
2600070,710,2,"Greenfield Road",,0,87138,shp-710-16,1,1,8713
776070,710,2,"Greenfield Road",,0,27112,shp-710-16,1,1,2711
3046020,710,3,"Mack / Moross",,1,87108,shp-710-52,1,1,8710
847070,710,2,"Mack / Moross",,1,87118,shp-710-52,1,1,8711
2570010,710,1,"Mack / Moross",,1,87128,shp-710-57,1,1,8712
1156020,710,3,"Mack / Moross",,1,87118,shp-710-52,1,1,8711
809070,710,2,"Mack / Moross",,1,87118,shp-710-52,1,1,8711
2426070,710,2,"Mack / Moross",,1,87128,shp-710-52,1,1,8712
1574020,710,3,"Mack / Moross",,1,27122,shp-710-52,1,1,2712
2118020,710,3,"Mack / Moross",,1,87128,shp-710-52,1,1,8712
9020,710,3,"Mack / Moross",,1,27102,shp-710-52,1,1,2710
2760020,710,3,"Mack / Moross",,1,27112,shp-710-52,1,1,2711
2360010,710,1,"Mack / Moross",,1,87108,shp-710-57,1,1,8710
2102070,710,2,"Mack / Moross",,1,87108,shp-710-52,1,1,8710
1103070,710,2,"Mack / Moross",,1,87108,shp-710-54,1,1,8710
2648070,710,2,"Mack / Moross",,1,87118,shp-710-52,1,1,8711
281020,710,3,"Mack / Moross",,1,27102,shp-710-52,1,1,2710
1958020,710,3,"Mack / Moross",,1,27122,shp-710-52,1,1,2712
1020010,710,1,"Mack / Moross",,1,27102,shp-710-57,1,1,2710
3446010,710,1,"Mack / Moross",,1,27122,shp-710-57,1,1,2712
3310020,710,3,"Mack / Moross",,1,87108,shp-710-52,1,1,8710
1376010,710,1,"Mack / Moross",,1,87108,shp-710-57,1,1,8710
3166020,710,3,"Mack / Moross",,1,87118,shp-710-52,1,1,8711
1859020,710,3,"Mack / Moross",,1,87118,shp-710-52,1,1,8711
1247020,710,3,"Mack / Moross",,1,27132,shp-710-52,1,1,2713
23070,710,2,"Mack / Moross",,1,87138,shp-710-52,1,1,8713
2226010,710,1,"Mack / Moross",,1,87118,shp-710-57,1,1,8711
2639020,710,3,"Mack / Moross",,1,27122,shp-710-52,1,1,2712
3468020,710,3,"Mack / Moross",,1,87128,shp-710-52,1,1,8712
2326010,710,1,"Mack / Moross",,1,27112,shp-710-57,1,1,2711
3390070,710,2,"Mack / Moross",,1,27102,shp-710-52,1,1,2710
2491020,710,3,"Mack / Moross",,1,87128,shp-710-52,1,1,8712
931020,710,3,"Mack / Moross",,1,87128,shp-710-52,1,1,8712
2986010,710,1,"Mack / Moross",,1,87128,shp-710-57,1,1,8712
3505010,710,1,"Mack / Moross",,1,87118,shp-710-57,1,1,8711
1077010,710,1,"Mack / Moross",,1,27122,shp-710-57,1,1,2712
1595020,710,3,"Mack / Moross",,1,27132,shp-710-52,1,1,2713
2151070,710,2,"Mack / Moross",,1,27102,shp-710-52,1,1,2710
3231070,710,2,"Mack / Moross",,1,27112,shp-710-52,1,1,2711
1046020,710,3,"Mack / Moross",,1,27142,shp-710-52,1,1,2714
3182020,710,3,"Mack / Moross",,1,27152,shp-710-52,1,1,2715
463010,710,1,"Mack / Moross",,1,27122,shp-710-57,1,1,2712
3104070,710,2,"Mack / Moross",,1,27112,shp-710-52,1,1,2711
1230020,710,3,"Mack / Moross",,1,27142,shp-710-52,1,1,2714
132020,710,3,"Mack / Moross",,1,27142,shp-710-52,1,1,2714
3493070,710,2,"Mack / Moross",,1,27112,shp-710-52,1,1,2711
562020,710,3,"Mack / Moross",,1,87128,shp-710-52,1,1,8712
1723010,710,1,"Mack / Moross",,1,27112,shp-710-57,1,1,2711
83070,710,2,"Mack / Moross",,1,87138,shp-710-52,1,1,8713
1189020,710,3,"Mack / Moross",,1,27152,shp-710-52,1,1,2715
3078020,710,3,"Mack / Moross",,1,87108,shp-710-52,1,1,8710
2557070,710,2,"Mack / Moross",,1,87128,shp-710-52,1,1,8712
2139020,710,3,"Mack / Moross",,1,87118,shp-710-52,1,1,8711
3043020,710,3,"Mack / Moross",,1,27102,shp-710-52,1,1,2710
1930020,710,3,"Mack / Moross",,1,27152,shp-710-52,1,1,2715
448020,710,3,"Mack / Moross",,1,87108,shp-710-52,1,1,8710
521070,710,2,"Mack / Moross",,1,87108,shp-710-52,1,1,8710
1139020,710,3,"Mack / Moross",,1,87108,shp-710-52,1,1,8710
3171020,710,3,"Mack / Moross",,1,27112,shp-710-52,1,1,2711
3152070,710,2,"Mack / Moross",,1,87108,shp-710-52,1,1,8710
1370070,710,2,"Mack / Moross",,1,27102,shp-710-52,1,1,2710
461020,710,3,"Mack / Moross",,1,87118,shp-710-52,1,1,8711
1525020,710,3,"Mack / Moross",,1,87128,shp-710-52,1,1,8712
2285010,710,1,"Mack / Moross",,1,87108,shp-710-57,1,1,8710
1039020,710,3,"Mack / Moross",,1,87108,shp-710-52,1,1,8710
1108020,710,3,"Mack / Moross",,1,87118,shp-710-52,1,1,8711
231020,710,3,"Mack / Moross",,1,27112,shp-710-52,1,1,2711
2171020,710,3,"Mack / Moross",,1,27132,shp-710-52,1,1,2713
1861010,710,1,"Mack / Moross",,1,27112,shp-710-57,1,1,2711
455010,710,1,"Mack / Moross",,1,87118,shp-710-57,1,1,8711
333070,710,2,"Mack / Moross",,1,87128,shp-710-52,1,1,8712
2097070,710,2,"Telegraph",,0,87138,shp-710-02,1,1,8713
1231020,710,3,"Telegraph",,0,27142,shp-710-02,1,1,2714
2631020,710,3,"Telegraph",,0,87128,shp-710-02,1,1,8712
571020,710,3,"Telegraph",,0,27112,shp-710-02,1,1,2711
3129070,710,2,"Telegraph",,0,87118,shp-710-02,1,1,8711
532020,710,3,"Telegraph",,0,87108,shp-710-02,1,1,8710
2163020,710,3,"Telegraph",,0,27122,shp-710-02,1,1,2712
283070,710,2,"Telegraph",,0,87128,shp-710-02,1,1,8712
1134020,710,3,"Telegraph",,0,87108,shp-710-02,1,1,8710
2661020,710,3,"Telegraph",,0,27102,shp-710-02,1,1,2710
1001020,710,3,"Telegraph",,0,87108,shp-710-02,1,1,8710
1216070,710,2,"Telegraph",,0,27102,shp-710-02,1,1,2710
2260070,710,2,"Telegraph",,0,87118,shp-710-02,1,1,8711
1286020,710,3,"Telegraph",,0,27152,shp-710-02,1,1,2715
3449070,710,2,"Telegraph",,0,27112,shp-710-02,1,1,2711
2021020,710,3,"Telegraph",,0,27112,shp-710-02,1,1,2711
936020,710,3,"Telegraph",,0,27132,shp-710-02,1,1,2713
2716020,710,3,"Telegraph",,0,87128,shp-710-02,1,1,8712
1205020,710,3,"Telegraph",,0,27122,shp-710-02,1,1,2712
220020,710,3,"Telegraph",,0,27122,shp-710-02,1,1,2712
1601020,710,3,"Telegraph",,0,27102,shp-710-02,1,1,2710
1390020,710,3,"Telegraph",,0,87128,shp-710-02,1,1,8712
2519020,710,3,"Telegraph",,0,87108,shp-710-02,1,1,8710
292070,710,2,"Telegraph",,0,87128,shp-710-02,1,1,8712
2870020,710,3,"Telegraph",,0,87118,shp-710-02,1,1,8711
2827020,710,3,"Telegraph",,0,87128,shp-710-02,1,1,8712
1125070,710,2,"Telegraph",,0,87108,shp-710-02,1,1,8710
2306070,710,2,"Telegraph",,0,87108,shp-710-02,1,1,8710
3450070,710,2,"Telegraph",,0,27112,shp-710-02,1,1,2711
507070,710,2,"Telegraph",,0,87138,shp-710-02,1,1,8713
913070,710,2,"Telegraph",,0,87118,shp-710-02,1,1,8711
668020,710,3,"Telegraph",,0,27152,shp-710-02,1,1,2715
862070,710,2,"Telegraph",,0,87108,shp-710-02,1,1,8710
1425070,710,2,"Telegraph",,0,27102,shp-710-02,1,1,2710
1682020,710,3,"Telegraph",,0,27142,shp-710-02,1,1,2714
777070,710,2,"Telegraph",,0,87128,shp-710-02,1,1,8712
1874020,710,3,"Telegraph",,0,87128,shp-710-02,1,1,8712
948020,710,3,"Telegraph",,0,27132,shp-710-02,1,1,2713
49020,710,3,"Telegraph",,0,27142,shp-710-02,1,1,2714
450020,710,3,"Telegraph",,0,87128,shp-710-02,1,1,8712
419020,710,3,"Telegraph",,0,87118,shp-710-02,1,1,8711
1291020,710,3,"Telegraph",,0,87118,shp-710-02,1,1,8711
3357020,710,3,"Telegraph",,0,87108,shp-710-02,1,1,8710
2086020,710,3,"Telegraph",,0,27102,shp-710-02,1,1,2710
2054020,710,3,"Telegraph",,0,27112,shp-710-02,1,1,2711
3363020,710,3,"Telegraph",,0,87118,shp-710-02,1,1,8711
431020,710,3,"Telegraph",,0,87108,shp-710-02,1,1,8710
1026020,710,3,"Telegraph",,0,87118,shp-710-02,1,1,8711
2777070,710,2,"Telegraph",,0,27102,shp-710-02,1,1,2710
1598020,710,3,"Telegraph",,0,87118,shp-710-02,1,1,8711
343020,710,3,"Telegraph",,0,27132,shp-710-02,1,1,2713
2026020,710,3,"Telegraph",,0,27152,shp-710-02,1,1,2715
1648010,710,1,"Woodward",,0,87128,shp-710-03,1,1,8712
2227010,710,1,"Woodward",,0,87118,shp-710-03,1,1,8711
1561020,730,3,"Mack / Moross via Detroit Zoo",,1,87318,shp-730-55,1,1,8731
954020,730,3,"Mack / Moross via Detroit Zoo",,1,27312,shp-730-55,1,1,2731
1712020,730,3,"Mack / Moross via Detroit Zoo",,1,87318,shp-730-55,1,1,8731
2702020,730,3,"Mack / Moross via Detroit Zoo",,1,27312,shp-730-55,1,1,2731
276020,730,3,"Mack / Moross via Detroit Zoo",,1,27322,shp-730-55,1,1,2732
515020,730,3,"Mack / Moross via Detroit Zoo",,1,27312,shp-730-55,1,1,2731
284070,730,2,"Mack / Moross via Detroit Zoo",,1,27302,shp-730-55,1,1,2730
1814070,730,2,"Mack / Moross via Detroit Zoo",,1,87328,shp-730-55,1,1,8732
3285070,730,2,"Mack / Moross via Detroit Zoo",,1,27312,shp-730-55,1,1,2731
3434070,730,2,"Mack / Moross via Detroit Zoo",,1,27302,shp-730-55,1,1,2730
2089020,730,3,"Mack / Moross via Detroit Zoo",,1,87298,shp-730-55,1,1,8729
175020,730,3,"Mack / Moross via Detroit Zoo",,1,87338,shp-730-55,1,1,8733
1495070,730,2,"Mack / Moross via Detroit Zoo",,1,87318,shp-730-55,1,1,8731
2739020,730,3,"Mack / Moross via Detroit Zoo",,1,27322,shp-730-55,1,1,2732
2425020,730,3,"Mack / Moross via Detroit Zoo",,1,87298,shp-730-55,1,1,8729
3091070,730,2,"Mack / Moross via Detroit Zoo",,1,27312,shp-730-55,1,1,2731
3344070,730,2,"Mack / Moross via Detroit Zoo",,1,87328,shp-730-55,1,1,8732
452070,730,2,"Mack / Moross via Detroit Zoo",,1,87308,shp-730-55,1,1,8730
1258020,730,3,"Mack / Moross via Detroit Zoo",,1,27322,shp-730-55,1,1,2732
3299070,730,2,"Mack / Moross via Detroit Zoo",,1,87338,shp-730-55,1,1,8733
1990020,730,3,"Mack / Moross via Detroit Zoo",,1,27312,shp-730-55,1,1,2731
2773070,730,2,"Mack / Moross via Detroit Zoo",,1,87308,shp-730-55,1,1,8730
47070,730,2,"Mack / Moross via Detroit Zoo",,1,27302,shp-730-55,1,1,2730
709020,730,3,"Mack / Moross via Detroit Zoo",,1,87308,shp-730-55,1,1,8730
2073070,730,2,"Mack / Moross via Detroit Zoo",,1,27312,shp-730-55,1,1,2731
2953020,730,3,"Mack / Moross via Detroit Zoo",,1,87308,shp-730-55,1,1,8730
2003020,730,3,"Mack / Moross via Detroit Zoo",,1,87338,shp-730-55,1,1,8733
690020,730,3,"Mack / Moross via Detroit Zoo",,1,27322,shp-730-55,1,1,2732
3523070,730,2,"Mack / Moross",,1,87308,shp-730-52,1,1,8730
1731020,730,3,"Mack / Moross",,1,27322,shp-730-52,1,1,2732
1097020,730,3,"Mack / Moross",,1,87318,shp-730-52,1,1,8731
1245020,730,3,"Mack / Moross",,1,87298,shp-730-52,1,1,8729
2261070,730,2,"Royal Oak",,0,27302,shp-730-02,1,1,2730
1510020,730,3,"Royal Oak",,0,27322,shp-730-02,1,1,2732
933020,730,3,"Royal Oak",,0,27312,shp-730-02,1,1,2731
2161070,730,2,"Royal Oak",,0,27312,shp-730-02,1,1,2731
1871070,730,2,"Telegraph via Detroit Zoo",,0,87328,shp-730-05,1,1,8732
151070,730,2,"Telegraph via Detroit Zoo",,0,87318,shp-730-05,1,1,8731
2545070,730,2,"Telegraph via Detroit Zoo",,0,27312,shp-730-07,1,1,2731
1159070,730,2,"Telegraph via Detroit Zoo",,0,27312,shp-730-05,1,1,2731
2755020,730,3,"Telegraph via Detroit Zoo",,0,87318,shp-730-05,1,1,8731
1171020,730,3,"Telegraph via Detroit Zoo",,0,27312,shp-730-05,1,1,2731
2675020,730,3,"Telegraph via Detroit Zoo",,0,87338,shp-730-05,1,1,8733
2296070,730,2,"Telegraph via Detroit Zoo",,0,27312,shp-730-05,1,1,2731
750070,730,2,"Telegraph via Detroit Zoo",,0,87328,shp-730-05,1,1,8732
96020,730,3,"Telegraph via Detroit Zoo",,0,87308,shp-730-05,1,1,8730
891020,730,3,"Telegraph via Detroit Zoo",,0,27322,shp-730-05,1,1,2732
1763070,730,2,"Telegraph via Detroit Zoo",,0,27302,shp-730-05,1,1,2730
3416020,730,3,"Telegraph via Detroit Zoo",,0,27322,shp-730-05,1,1,2732
566020,730,3,"Telegraph via Detroit Zoo",,0,27322,shp-730-05,1,1,2732
2475070,730,2,"Telegraph via Detroit Zoo",,0,87308,shp-730-05,1,1,8730
3358020,730,3,"Telegraph via Detroit Zoo",,0,27312,shp-730-05,1,1,2731
2558070,730,2,"Telegraph via Detroit Zoo",,0,87308,shp-730-05,1,1,8730
1239020,730,3,"Telegraph via Detroit Zoo",,0,87298,shp-730-05,1,1,8729
1465020,730,3,"Telegraph via Detroit Zoo",,0,27312,shp-730-05,1,1,2731
147070,730,2,"Telegraph via Detroit Zoo",,0,27302,shp-730-07,1,1,2730
1013020,730,3,"Telegraph via Detroit Zoo",,0,87308,shp-730-05,1,1,8730
1007020,730,3,"Telegraph via Detroit Zoo",,0,27312,shp-730-05,1,1,2731
2635020,730,3,"Telegraph via Detroit Zoo",,0,87318,shp-730-05,1,1,8731
2452020,730,3,"Telegraph via Detroit Zoo",,0,87298,shp-730-05,1,1,8729
659020,730,3,"Telegraph via Detroit Zoo",,0,27322,shp-730-05,1,1,2732
3160070,730,2,"Telegraph via Detroit Zoo",,0,27302,shp-730-05,1,1,2730
414070,730,2,"Telegraph via Detroit Zoo",,0,87338,shp-730-05,1,1,8733
2106020,730,3,"Telegraph via Detroit Zoo",,0,87338,shp-730-05,1,1,8733
320070,740,2,"Dequindre",,1,27452,shp-740-05,1,1,2745
3478070,740,2,"Dequindre",,1,27422,shp-740-08,1,1,2742
596070,740,2,"Roseville",,1,87428,shp-740-07,1,1,8742
1609070,740,2,"Roseville",,1,87408,shp-740-04,1,1,8740
881020,740,3,"Roseville",,1,87438,shp-740-07,1,1,8743
2591010,740,1,"Roseville",,1,27432,shp-740-54,1,1,2743
637020,740,3,"Roseville",,1,27412,shp-740-04,1,1,2741
1655020,740,3,"Roseville",,1,87408,shp-740-07,1,1,8740
297010,740,1,"Roseville",,1,27422,shp-740-54,1,1,2742
1727020,740,3,"Roseville",,1,27412,shp-740-07,1,1,2741
302070,740,2,"Roseville",,1,27402,shp-740-07,1,1,2740
2793010,740,1,"Roseville",,1,27422,shp-740-54,1,1,2742
2044020,740,3,"Roseville",,1,87448,shp-740-07,1,1,8744
2771020,740,3,"Roseville",,1,87438,shp-740-07,1,1,8743
1338020,740,3,"Roseville",,1,27412,shp-740-07,1,1,2741
2206070,740,2,"Roseville",,1,27402,shp-740-04,1,1,2740
3337020,740,3,"Roseville",,1,27452,shp-740-07,1,1,2745
1942070,740,2,"Roseville",,1,87428,shp-740-07,1,1,8742
978020,740,3,"Roseville",,1,27402,shp-740-07,1,1,2740
2658010,740,1,"Roseville",,1,27422,shp-740-54,1,1,2742
2694010,740,1,"Roseville",,1,27412,shp-740-54,1,1,2741
2831070,740,2,"Roseville",,1,87438,shp-740-07,1,1,8743
1081070,740,2,"Roseville",,1,27402,shp-740-07,1,1,2740
3549020,740,3,"Roseville",,1,87428,shp-740-07,1,1,8742
980010,740,1,"Roseville",,1,27422,shp-740-54,1,1,2742
2678070,740,2,"Roseville",,1,87408,shp-740-07,1,1,8740
1513020,740,3,"Roseville",,1,27402,shp-740-04,1,1,2740
996070,740,2,"Roseville",,1,87418,shp-740-04,1,1,8741
1234020,740,3,"Roseville",,1,87418,shp-740-04,1,1,8741
2187070,740,2,"Roseville",,1,27422,shp-740-07,1,1,2742
1853070,740,2,"Roseville",,1,27412,shp-740-04,1,1,2741
288020,740,3,"Roseville",,1,27402,shp-740-07,1,1,2740
2584010,740,1,"Roseville",,1,27432,shp-740-54,1,1,2743
1158070,740,2,"Roseville",,1,87418,shp-740-07,1,1,8741
1730010,740,1,"Roseville",,1,27422,shp-740-54,1,1,2742
3250070,740,2,"Roseville",,1,27402,shp-740-07,1,1,2740
523010,740,1,"Roseville",,1,27402,shp-740-54,1,1,2740
1019010,740,1,"Roseville",,1,27432,shp-740-54,1,1,2743
384020,740,3,"Roseville",,1,27452,shp-740-07,1,1,2745
3307070,740,2,"Roseville",,1,27412,shp-740-07,1,1,2741
3096070,740,2,"Roseville",,1,27412,shp-740-07,1,1,2741
2413020,740,3,"Roseville",,1,87448,shp-740-07,1,1,8744
1540010,740,1,"Roseville",,1,27432,shp-740-54,1,1,2743
1528020,740,3,"Roseville",,1,87428,shp-740-07,1,1,8742
391020,740,3,"Roseville",,1,87408,shp-740-04,1,1,8740
81070,740,2,"Roseville",,1,27412,shp-740-07,1,1,2741
953070,740,2,"Roseville",,1,27452,shp-740-07,1,1,2745
3111020,740,3,"Roseville",,1,27402,shp-740-07,1,1,2740
2606010,740,1,"Roseville",,1,27432,shp-740-54,1,1,2743
1122020,740,3,"Roseville",,1,27412,shp-740-07,1,1,2741
745010,740,1,"Royal Oak via Detroit Zoo",,0,27432,shp-740-03,1,1,2743
2153010,740,1,"Royal Oak via Detroit Zoo",,0,27422,shp-740-03,1,1,2742
1098010,740,1,"Royal Oak via Detroit Zoo",,0,27432,shp-740-03,1,1,2743
2191010,740,1,"Royal Oak via Detroit Zoo",,0,27422,shp-740-03,1,1,2742
101010,740,1,"Royal Oak via Detroit Zoo",,0,27422,shp-740-03,1,1,2742
772010,740,1,"Royal Oak via Detroit Zoo",,0,27422,shp-740-03,1,1,2742
2434010,740,1,"Royal Oak via Detroit Zoo",,0,27402,shp-740-03,1,1,2740
1963010,740,1,"Royal Oak via Detroit Zoo",,0,27432,shp-740-03,1,1,2743
2693010,740,1,"Royal Oak via Detroit Zoo",,0,27422,shp-740-03,1,1,2742
3183010,740,1,"Royal Oak via Detroit Zoo",,0,27412,shp-740-03,1,1,2741
831010,740,1,"Royal Oak via Detroit Zoo",,0,27432,shp-740-03,1,1,2743
1750010,740,1,"Royal Oak via Detroit Zoo",,0,27432,shp-740-03,1,1,2743
2866020,740,3,"Royal Oak",,0,27452,shp-740-02,1,1,2745
2892020,740,3,"Royal Oak",,0,27402,shp-740-02,1,1,2740
2194070,740,2,"Royal Oak",,0,87438,shp-740-02,1,1,8743
676070,740,2,"Royal Oak",,0,27402,shp-740-02,1,1,2740
3574020,740,3,"Wixom Road",,0,27452,shp-740-61,1,1,2745
182070,740,2,"Wixom Road",,0,27452,shp-740-61,1,1,2745
2668070,740,2,"Wixom Road",,0,27452,shp-740-61,1,1,2745
744070,740,2,"Wixom Road",,0,27402,shp-740-61,1,1,2740
2803070,740,2,"Wixom Road",,0,27422,shp-740-61,1,1,2742
1899020,740,3,"Wixom Road",,0,87448,shp-740-61,1,1,8744
3218020,740,3,"Wixom Road",,0,87448,shp-740-61,1,1,8744
1388070,740,2,"Wixom Road",,0,87408,shp-740-61,1,1,8740
3132020,740,3,"Wixom Road",,0,87428,shp-740-61,1,1,8742
535020,740,3,"Wixom Road",,0,27412,shp-740-61,1,1,2741
1002020,740,3,"Wixom Road",,0,27402,shp-740-60,1,1,2740
2474020,740,3,"Wixom Road",,0,87428,shp-740-60,1,1,8742
2155070,740,2,"Wixom Road",,0,27412,shp-740-61,1,1,2741
1228070,740,2,"Wixom Road",,0,87428,shp-740-60,1,1,8742
2772020,740,3,"Wixom Road",,0,27412,shp-740-61,1,1,2741
1571070,740,2,"Wixom Road",,0,27412,shp-740-61,1,1,2741
1527020,740,3,"Wixom Road",,0,87418,shp-740-60,1,1,8741
1992070,740,2,"Wixom Road",,0,87408,shp-740-60,1,1,8740
3267070,740,2,"Wixom Road",,0,27422,shp-740-61,1,1,2742
1684070,740,2,"Wixom Road",,0,27412,shp-740-61,1,1,2741
759020,740,3,"Wixom Road",,0,87408,shp-740-60,1,1,8740
1381020,740,3,"Wixom Road",,0,27412,shp-740-61,1,1,2741
2988070,740,2,"Wixom Road",,0,27402,shp-740-61,1,1,2740
2466020,740,3,"Wixom Road",,0,27402,shp-740-61,1,1,2740
2234020,740,3,"Wixom Road",,0,87418,shp-740-61,1,1,8741
2563070,740,2,"Wixom Road",,0,87418,shp-740-61,1,1,8741
2123070,740,2,"Wixom Road",,0,87428,shp-740-61,1,1,8742
849020,740,3,"Wixom Road",,0,27402,shp-740-61,1,1,2740
1562020,740,3,"Wixom Road",,0,87408,shp-740-61,1,1,8740
424070,740,2,"Wixom Road",,0,27402,shp-740-61,1,1,2740
2081070,740,2,"Wixom Road",,0,87438,shp-740-61,1,1,8743
171070,740,2,"Wixom Road",,0,87418,shp-740-60,1,1,8741
2946020,740,3,"Wixom Road",,0,87438,shp-740-61,1,1,8743
3172020,740,3,"Wixom Road",,0,87438,shp-740-61,1,1,8743
2408020,759,3,"Bogie Lake Road",,0,27592,shp-759-51,1,1,2759
1743020,759,3,"Bogie Lake Road",,0,27602,shp-759-51,1,1,2760
3133020,759,3,"Bogie Lake Road",,0,27612,shp-759-51,1,1,2761
1788070,759,2,"Bogie Lake Road",,0,27612,shp-759-51,1,1,2761
645020,759,3,"Bogie Lake Road",,0,27602,shp-759-51,1,1,2760
3328070,759,2,"Bogie Lake Road",,0,27612,shp-759-51,1,1,2761
1151020,759,3,"Bogie Lake Road",,0,27612,shp-759-51,1,1,2761
1593020,759,3,"Bogie Lake Road",,0,27612,shp-759-51,1,1,2761
1473020,759,3,"Bogie Lake Road",,0,27642,shp-759-51,1,1,2764
1937070,759,2,"Bogie Lake Road",,0,27622,shp-759-51,1,1,2762
2916020,759,3,"Bogie Lake Road",,0,27602,shp-759-51,1,1,2760
2562070,759,2,"Bogie Lake Road",,0,27602,shp-759-51,1,1,2760
2611070,759,2,"Bogie Lake Road",,0,27622,shp-759-51,1,1,2762
541070,759,2,"Bogie Lake Road",,0,27632,shp-759-51,1,1,2763
3420020,759,3,"Bogie Lake Road",,0,27632,shp-759-51,1,1,2763
206020,759,3,"Bogie Lake Road",,0,27642,shp-759-51,1,1,2764
2462070,759,2,"Bogie Lake Road",,0,27602,shp-759-51,1,1,2760
246020,759,3,"Bogie Lake Road",,0,27632,shp-759-51,1,1,2763
2735020,759,3,"Bogie Lake Road",,0,27622,shp-759-51,1,1,2762
2499020,759,3,"Bogie Lake Road",,0,27622,shp-759-51,1,1,2762
2317020,759,3,"Bogie Lake Road",,0,27622,shp-759-51,1,1,2762
3407020,759,3,"Bogie Lake Road",,0,27622,shp-759-51,1,1,2762
1361020,759,3,"Bogie Lake Road",,0,27642,shp-759-51,1,1,2764
3554070,759,2,"Bogie Lake Road",,0,27612,shp-759-51,1,1,2761
1242020,759,3,"Bogie Lake Road",,0,27592,shp-759-51,1,1,2759
819020,759,3,"Bogie Lake Road",,0,27592,shp-759-51,1,1,2759
2175070,759,2,"Bogie Lake Road",,0,27622,shp-759-51,1,1,2762
1396020,759,3,"Bogie Lake Road",,0,27632,shp-759-51,1,1,2763
3102070,759,2,"Bogie Lake Road",,0,27592,shp-759-51,1,1,2759
2217070,759,2,"Bogie Lake Road",,0,27602,shp-759-51,1,1,2760
1596070,759,2,"Bogie Lake Road",,0,27612,shp-759-51,1,1,2761
3013020,759,3,"Bogie Lake Road",,0,27642,shp-759-51,1,1,2764
981020,759,3,"Oakland University",,1,27632,shp-759-01,1,1,2763
3331070,759,2,"Oakland University",,1,27622,shp-759-01,1,1,2762
1623070,759,2,"Oakland University",,1,27612,shp-759-01,1,1,2761
1795020,759,3,"Oakland University",,1,27622,shp-759-01,1,1,2762
435020,759,3,"Oakland University",,1,27592,shp-759-01,1,1,2759
605020,759,3,"Oakland University",,1,27602,shp-759-01,1,1,2760
3039020,759,3,"Oakland University",,1,27602,shp-759-01,1,1,2760
3018070,759,2,"Oakland University",,1,27622,shp-759-01,1,1,2762
693070,759,2,"Oakland University",,1,27612,shp-759-01,1,1,2761
1806020,759,3,"Oakland University",,1,27642,shp-759-01,1,1,2764
805020,759,3,"Oakland University",,1,27632,shp-759-01,1,1,2763
2477020,759,3,"Oakland University",,1,27622,shp-759-01,1,1,2762
1124020,759,3,"Oakland University",,1,27632,shp-759-01,1,1,2763
1662070,759,2,"Oakland University",,1,27602,shp-759-01,1,1,2760
3212070,759,2,"Oakland University",,1,27602,shp-759-01,1,1,2760
1639070,759,2,"Oakland University",,1,27632,shp-759-01,1,1,2763
1008020,759,3,"Oakland University",,1,27592,shp-759-01,1,1,2759
842020,759,3,"Oakland University",,1,27602,shp-759-01,1,1,2760
2565070,759,2,"Oakland University",,1,27592,shp-759-01,1,1,2759
1957020,759,3,"Oakland University",,1,27642,shp-759-01,1,1,2764
478020,759,3,"Oakland University",,1,27612,shp-759-01,1,1,2761
3207020,759,3,"Oakland University",,1,27622,shp-759-01,1,1,2762
1933070,759,2,"Oakland University",,1,27612,shp-759-01,1,1,2761
2977020,759,3,"Oakland University",,1,27612,shp-759-01,1,1,2761
3520020,759,3,"Oakland University",,1,27592,shp-759-01,1,1,2759
911020,759,3,"Oakland University",,1,27622,shp-759-01,1,1,2762
2898020,759,3,"Oakland University",,1,27642,shp-759-01,1,1,2764
932020,759,3,"Oakland University",,1,27602,shp-759-01,1,1,2760
1153070,759,2,"Oakland University",,1,27622,shp-759-01,1,1,2762
2781070,759,2,"Oakland University",,1,27612,shp-759-01,1,1,2761
1417020,759,3,"Oakland University",,1,27642,shp-759-01,1,1,2764
1881020,759,3,"Oakland University",,1,27612,shp-759-01,1,1,2761
2420070,759,2,"Oakland University",,1,27602,shp-759-01,1,1,2760
3422020,760,3,"12 Mile / Telegraph",,0,87658,shp-760-02,1,1,8765
1283020,760,3,"12 Mile / Telegraph",,0,87618,shp-760-02,1,1,8761
1169020,760,3,"12 Mile / Telegraph",,0,87638,shp-760-02,1,1,8763
109020,760,3,"12 Mile / Telegraph",,0,87638,shp-760-02,1,1,8763
1811020,760,3,"12 Mile / Telegraph",,0,87628,shp-760-02,1,1,8762
2550020,760,3,"12 Mile / Telegraph",,0,87638,shp-760-02,1,1,8763
1565020,760,3,"12 Mile / Telegraph",,0,87608,shp-760-02,1,1,8760
121020,760,3,"12 Mile / Telegraph",,0,87618,shp-760-02,1,1,8761
2020020,760,3,"12 Mile / Telegraph",,0,87648,shp-760-02,1,1,8764
501020,760,3,"12 Mile / Telegraph",,0,87628,shp-760-02,1,1,8762
87020,760,3,"12 Mile / Telegraph",,0,87658,shp-760-02,1,1,8765
3532020,760,3,"12 Mile / Telegraph",,0,87608,shp-760-02,1,1,8760
1475020,760,3,"12 Mile / Telegraph",,0,87628,shp-760-02,1,1,8762
639020,760,3,"12 Mile / Telegraph",,0,87648,shp-760-02,1,1,8764
2197020,760,3,"12 Mile / Telegraph",,0,87618,shp-760-02,1,1,8761
1775020,760,3,"12 Mile / Telegraph",,0,87648,shp-760-02,1,1,8764
373020,760,3,"Oakland Mall",,0,87658,shp-760-04,1,1,8765
1439020,760,3,"Roseville",,1,87618,shp-760-54,1,1,8761
3148020,760,3,"Roseville",,1,87618,shp-760-54,1,1,8761
1936020,760,3,"Roseville",,1,87638,shp-760-54,1,1,8763
554020,760,3,"Roseville",,1,87608,shp-760-54,1,1,8760
1591020,760,3,"Roseville",,1,87608,shp-760-54,1,1,8760
3345020,760,3,"Roseville",,1,87638,shp-760-54,1,1,8763
737020,760,3,"Roseville",,1,87628,shp-760-54,1,1,8762
2245020,760,3,"Roseville",,1,87648,shp-760-54,1,1,8764
1557020,760,3,"Roseville",,1,87648,shp-760-54,1,1,8764
2938020,760,3,"Roseville",,1,87658,shp-760-54,1,1,8765
2883020,760,3,"Roseville",,1,87618,shp-760-54,1,1,8761
354020,760,3,"Roseville",,1,87608,shp-760-54,1,1,8760
3317020,760,3,"Roseville",,1,87638,shp-760-54,1,1,8763
3084020,760,3,"Roseville",,1,87658,shp-760-54,1,1,8765
3292020,760,3,"Roseville",,1,87628,shp-760-54,1,1,8762
1619020,760,3,"Roseville",,1,87628,shp-760-54,1,1,8762
326020,760,3,"Roseville",,1,87648,shp-760-54,1,1,8764
1634070,780,2,"Harper",,1,87838,shp-780-61,1,1,8783
26070,780,2,"Harper",,1,27802,shp-780-61,1,1,2780
232070,780,2,"Harper",,1,87848,shp-780-61,1,1,8784
3112070,780,2,"Harper",,1,87828,shp-780-61,1,1,8782
52070,780,2,"Harper",,1,87858,shp-780-61,1,1,8785
3031020,780,3,"Harper",,1,87818,shp-780-61,1,1,8781
265020,780,3,"Harper",,1,27802,shp-780-61,1,1,2780
254070,780,2,"Harper",,1,87818,shp-780-54,1,1,8781
636070,780,2,"Harper",,1,87818,shp-780-61,1,1,8781
1288020,780,3,"Harper",,1,87838,shp-780-61,1,1,8783
3130020,780,3,"Harper",,1,87818,shp-780-61,1,1,8781
1979020,780,3,"Harper",,1,27802,shp-780-61,1,1,2780
3535070,780,2,"Harper",,1,87818,shp-780-61,1,1,8781
2205070,780,2,"Harper",,1,27802,shp-780-61,1,1,2780
600020,780,3,"Harper",,1,27802,shp-780-61,1,1,2780
2403020,780,3,"Harper",,1,87838,shp-780-61,1,1,8783
3362020,780,3,"Harper",,1,87818,shp-780-54,1,1,8781
1846070,780,2,"Harper",,1,87838,shp-780-61,1,1,8783
1371020,780,3,"Harper",,1,87828,shp-780-61,1,1,8782
305020,780,3,"Harper",,1,87858,shp-780-61,1,1,8785
2011070,780,2,"Harper",,1,87808,shp-780-54,1,1,8780
925020,780,3,"Harper",,1,87808,shp-780-54,1,1,8780
3263070,780,2,"Harper",,1,87828,shp-780-61,1,1,8782
2111020,780,3,"Harper",,1,87818,shp-780-61,1,1,8781
3280070,780,2,"Harper",,1,87848,shp-780-61,1,1,8784
1307070,780,2,"Harper",,1,27802,shp-780-61,1,1,2780
1116070,780,2,"Harper",,1,87808,shp-780-61,1,1,8780
1851020,780,3,"Harper",,1,87808,shp-780-61,1,1,8780
2620020,780,3,"Harper",,1,87828,shp-780-61,1,1,8782
2911020,780,3,"Harper",,1,87818,shp-780-61,1,1,8781
2680020,780,3,"Harper",,1,87858,shp-780-61,1,1,8785
257020,780,3,"Harper",,1,27802,shp-780-61,1,1,2780
2038070,780,2,"Harper",,1,87858,shp-780-61,1,1,8785
385020,780,3,"Harper",,1,87808,shp-780-61,1,1,8780
1664070,780,2,"Harper",,1,87808,shp-780-61,1,1,8780
140070,780,2,"Harper",,1,27802,shp-780-61,1,1,2780
3428020,780,3,"Orchard Ridge",,0,87818,shp-780-10,1,1,8781
595070,780,2,"Orchard Ridge",,0,87828,shp-780-10,1,1,8782
2655020,780,3,"Orchard Ridge",,0,87858,shp-780-10,1,1,8785
730020,780,3,"Orchard Ridge",,0,87828,shp-780-10,1,1,8782
1327070,780,2,"Orchard Ridge",,0,87858,shp-780-10,1,1,8785
141070,780,2,"Orchard Ridge",,0,27802,shp-780-10,1,1,2780
726070,780,2,"Orchard Ridge",,0,27802,shp-780-10,1,1,2780
1011070,780,2,"Orchard Ridge",,0,27802,shp-780-10,1,1,2780
3418020,780,3,"Orchard Ridge",,0,87838,shp-780-10,1,1,8783
552020,780,3,"Orchard Ridge",,0,27802,shp-780-10,1,1,2780
2924020,780,3,"Orchard Ridge",,0,87818,shp-780-10,1,1,8781
1212070,780,2,"Orchard Ridge",,0,87818,shp-780-10,1,1,8781
3126070,780,2,"Orchard Ridge",,0,87808,shp-780-10,1,1,8780
39020,780,3,"Orchard Ridge",,0,27802,shp-780-10,1,1,2780
3411020,780,3,"Orchard Ridge",,0,27802,shp-780-10,1,1,2780
2992020,780,3,"Orchard Ridge",,0,87818,shp-780-10,1,1,8781
2719070,780,2,"Orchard Ridge",,0,87828,shp-780-10,1,1,8782
3095070,780,2,"Orchard Ridge",,0,87848,shp-780-10,1,1,8784
710070,780,2,"Orchard Ridge",,0,87808,shp-780-10,1,1,8780
267020,780,3,"Orchard Ridge",,0,27802,shp-780-10,1,1,2780
2221020,780,3,"Orchard Ridge",,0,27802,shp-780-10,1,1,2780
1738020,780,3,"Orchard Ridge",,0,87858,shp-780-10,1,1,8785
1109070,780,2,"Orchard Ridge",,0,87818,shp-780-10,1,1,8781
125020,780,3,"Orchard Ridge",,0,87808,shp-780-10,1,1,8780
309020,780,3,"Orchard Ridge",,0,87808,shp-780-10,1,1,8780
940070,780,2,"Orchard Ridge",,0,87838,shp-780-10,1,1,8783
1994020,780,3,"Orchard Ridge",,0,87818,shp-780-10,1,1,8781
2978020,780,3,"Orchard Ridge",,0,87838,shp-780-10,1,1,8783
1762020,780,3,"Orchard Ridge",,0,87828,shp-780-10,1,1,8782
599070,780,2,"Orchard Ridge",,0,87848,shp-780-10,1,1,8784
1181070,780,2,"Orchard Ridge",,0,87838,shp-780-10,1,1,8783
814070,780,2,"Orchard Ridge",,0,27802,shp-780-10,1,1,2780
2966070,780,2,"Orchard Ridge",,0,27802,shp-780-10,1,1,2780
3053070,780,2,"Orchard Ridge",,0,87858,shp-780-10,1,1,8785
544070,780,2,"Troy",,0,87858,shp-780-04,1,1,8785
1107020,780,3,"Troy",,0,87838,shp-780-04,1,1,8783
2633020,780,3,"Troy",,0,87858,shp-780-04,1,1,8785
2852070,780,2,"Troy",,0,87838,shp-780-04,1,1,8783
3036020,790,3,"Adams Road via OCSC/OU Main Campus",,1,27912,shp-790-02,1,1,2791
740020,790,3,"Adams Road via OCSC/OU Main Campus",,1,27932,shp-790-02,1,1,2793
1641020,790,3,"Adams Road via OCSC/OU Main Campus",,1,27902,shp-790-02,1,1,2790
2961020,790,3,"Adams Road via OCSC/OU Main Campus",,1,27922,shp-790-02,1,1,2792
904020,790,3,"Adams Road via OCSC/OU Main Campus",,1,27942,shp-790-02,1,1,2794
1314020,790,3,"Adams Road via OCSC/OU Main Campus",,1,27942,shp-790-02,1,1,2794
2982020,790,3,"Adams Road via OCSC/OU Main Campus",,1,27912,shp-790-02,1,1,2791
1749020,790,3,"Adams Road via OCSC/OU Main Campus",,1,27922,shp-790-02,1,1,2792
1952020,790,3,"Adams Road via OCSC/OU Main Campus",,1,27952,shp-790-02,1,1,2795
1137020,790,3,"Adams Road via OCSC/OU Main Campus",,1,27902,shp-790-02,1,1,2790
3101020,790,3,"Adams Road via OCSC/OU Main Campus",,1,27912,shp-790-02,1,1,2791
2058020,790,3,"Adams Road via OCSC/OU Main Campus",,1,27922,shp-790-02,1,1,2792
656020,790,3,"Adams Road via OCSC/OU Main Campus",,1,27932,shp-790-02,1,1,2793
2514010,790,1,"Adams Road via OU Main Campus",,1,27902,shp-790-03,1,1,2790
3327070,790,2,"Adams Road via OU Main Campus",,1,27942,shp-790-01,1,1,2794
2826070,790,2,"Adams Road via OU Main Campus",,1,27952,shp-790-01,1,1,2795
1284010,790,1,"Adams Road via OU Main Campus",,1,27922,shp-790-03,1,1,2792
1347070,790,2,"Adams Road via OU Main Campus",,1,27912,shp-790-01,1,1,2791
2229010,790,1,"Adams Road via OU Main Campus",,1,27932,shp-790-03,1,1,2793
413070,790,2,"Adams Road via OU Main Campus",,1,27912,shp-790-01,1,1,2791
2653070,790,2,"Adams Road via OU Main Campus",,1,27912,shp-790-01,1,1,2791
3274070,790,2,"Adams Road via OU Main Campus",,1,27942,shp-790-01,1,1,2794
2310070,790,2,"Adams Road via OU Main Campus",,1,27932,shp-790-01,1,1,2793
584010,790,1,"Adams Road via OU Main Campus",,1,27922,shp-790-03,1,1,2792
1825010,790,1,"Adams Road via OU Main Campus",,1,27912,shp-790-03,1,1,2791
2479020,790,3,"Adams Road via OU Main Campus",,1,27952,shp-790-01,1,1,2795
483020,790,3,"Adams Road via OU Main Campus",,1,27932,shp-790-01,1,1,2793
2527010,790,1,"Adams Road via OU Main Campus",,1,27912,shp-790-03,1,1,2791
3403020,790,3,"Adams Road via OU Main Campus",,1,27942,shp-790-01,1,1,2794
1392070,790,2,"Adams Road via OU Main Campus",,1,27902,shp-790-01,1,1,2790
1577070,790,2,"Adams Road via OU Main Campus",,1,27922,shp-790-01,1,1,2792
2688070,790,2,"Adams Road via OU Main Campus",,1,27922,shp-790-01,1,1,2792
2815020,790,3,"Adams Road via OU Main Campus",,1,27902,shp-790-01,1,1,2790
626010,790,1,"Adams Road via OU Main Campus",,1,27912,shp-790-03,1,1,2791
513070,790,2,"Adams Road via OU Main Campus",,1,27932,shp-790-01,1,1,2793
3193010,790,1,"Adams Road via OU Main Campus",,1,27932,shp-790-03,1,1,2793
1050070,790,2,"Adams Road via OU Main Campus",,1,27942,shp-790-01,1,1,2794
1955010,790,1,"Adams Road via OU Main Campus",,1,27902,shp-790-03,1,1,2790
411010,790,1,"Adams Road via OU Main Campus",,1,27912,shp-790-03,1,1,2791
1176070,790,2,"Adams Road via OU Main Campus",,1,27932,shp-790-01,1,1,2793
1947010,790,1,"Adams Road via OU Main Campus",,1,27902,shp-790-03,1,1,2790
1100010,790,1,"Adams Road via OU Main Campus",,1,27902,shp-790-03,1,1,2790
2944020,790,3,"Adams Road via OU Main Campus",,1,27952,shp-790-01,1,1,2795
377010,790,1,"Adams Road via OU Main Campus",,1,27902,shp-790-03,1,1,2790
2576070,790,2,"Adams Road via OU Main Campus",,1,27902,shp-790-01,1,1,2790
2001070,790,2,"Adams Road via OU Main Campus",,1,27922,shp-790-01,1,1,2792
574070,790,2,"Adams Road via OU Main Campus",,1,27902,shp-790-01,1,1,2790
1194070,790,2,"Adams Road via OU Main Campus",,1,27952,shp-790-01,1,1,2795
1592070,790,2,"Adams Road via OU Main Campus",,1,27952,shp-790-01,1,1,2795
3526070,790,2,"Baldwin/Columbia via OU West Center",,0,27942,shp-790-52,1,1,2794
1433070,790,2,"Baldwin/Columbia via OU West Center",,0,27932,shp-790-52,1,1,2793
988010,790,1,"Baldwin/Columbia via OU West Center",,0,27922,shp-790-53,1,1,2792
2361070,790,2,"Baldwin/Columbia via OU West Center",,0,27942,shp-790-52,1,1,2794
2543070,790,2,"Baldwin/Columbia via OU West Center",,0,27912,shp-790-52,1,1,2791
430070,790,2,"Baldwin/Columbia via OU West Center",,0,27912,shp-790-52,1,1,2791
794070,790,2,"Baldwin/Columbia via OU West Center",,0,27922,shp-790-52,1,1,2792
1172070,790,2,"Baldwin/Columbia via OU West Center",,0,27952,shp-790-52,1,1,2795
1141070,790,2,"Baldwin/Columbia via OU West Center",,0,27922,shp-790-52,1,1,2792
375020,790,3,"Baldwin/Columbia via OU West Center",,0,27942,shp-790-52,1,1,2794
2014010,790,1,"Baldwin/Columbia via OU West Center",,0,27922,shp-790-53,1,1,2792
1222070,790,2,"Baldwin/Columbia via OU West Center",,0,27902,shp-790-52,1,1,2790
1331020,790,3,"Baldwin/Columbia via OU West Center",,0,27952,shp-790-52,1,1,2795
2472070,790,2,"Baldwin/Columbia via OU West Center",,0,27932,shp-790-52,1,1,2793
154070,790,2,"Baldwin/Columbia via OU West Center",,0,27952,shp-790-52,1,1,2795
2363010,790,1,"Baldwin/Columbia via OU West Center",,0,27932,shp-790-53,1,1,2793
438070,790,2,"Baldwin/Columbia via OU West Center",,0,27932,shp-790-52,1,1,2793
1102010,790,1,"Baldwin/Columbia via OU West Center",,0,27902,shp-790-53,1,1,2790
2956070,790,2,"Baldwin/Columbia via OU West Center",,0,27952,shp-790-52,1,1,2795
2460020,790,3,"Baldwin/Columbia via OU West Center",,0,27942,shp-790-52,1,1,2794
2582070,790,2,"Baldwin/Columbia via OU West Center",,0,27942,shp-790-52,1,1,2794
3114010,790,1,"Baldwin/Columbia via OU West Center",,0,27932,shp-790-53,1,1,2793
2501070,790,2,"Baldwin/Columbia via OU West Center",,0,27902,shp-790-52,1,1,2790
758070,790,2,"Baldwin/Columbia via OU West Center",,0,27902,shp-790-52,1,1,2790
1067010,790,1,"Baldwin/Columbia via OU West Center",,0,27912,shp-790-53,1,1,2791
3024010,790,1,"Baldwin/Columbia via OU West Center",,0,27912,shp-790-53,1,1,2791
3402010,790,1,"Baldwin/Columbia via OU West Center",,0,27912,shp-790-53,1,1,2791
1872010,790,1,"Baldwin/Columbia via OU West Center",,0,27912,shp-790-53,1,1,2791
1113020,790,3,"Baldwin/Columbia via OU West Center",,0,27932,shp-790-52,1,1,2793
733010,790,1,"Baldwin/Columbia via OU West Center",,0,27902,shp-790-53,1,1,2790
2098010,790,1,"Baldwin/Columbia via OU West Center",,0,27902,shp-790-53,1,1,2790
412010,790,1,"Baldwin/Columbia via OU West Center",,0,27902,shp-790-53,1,1,2790
1784020,790,3,"Baldwin/Columbia via OU West Center/OCSC",,0,27912,shp-790-51,1,1,2791
1099020,790,3,"Baldwin/Columbia via OU West Center/OCSC",,0,27912,shp-790-51,1,1,2791
2248020,790,3,"Baldwin/Columbia via OU West Center/OCSC",,0,27902,shp-790-51,1,1,2790
215020,790,3,"Baldwin/Columbia via OU West Center/OCSC",,0,27902,shp-790-51,1,1,2790
887020,790,3,"Baldwin/Columbia via OU West Center/OCSC",,0,27922,shp-790-51,1,1,2792
1611020,790,3,"Baldwin/Columbia via OU West Center/OCSC",,0,27952,shp-790-51,1,1,2795
3442020,790,3,"Baldwin/Columbia via OU West Center/OCSC",,0,27902,shp-790-51,1,1,2790
1033020,790,3,"Baldwin/Columbia via OU West Center/OCSC",,0,27942,shp-790-51,1,1,2794
2859020,790,3,"Baldwin/Columbia via OU West Center/OCSC",,0,27932,shp-790-51,1,1,2793
3048020,790,3,"Baldwin/Columbia via OU West Center/OCSC",,0,27912,shp-790-51,1,1,2791
2322020,790,3,"Baldwin/Columbia via OU West Center/OCSC",,0,27952,shp-790-51,1,1,2795
2378020,790,3,"Baldwin/Columbia via OU West Center/OCSC",,0,27922,shp-790-51,1,1,2792
399020,805,3,"Beck Road Park & Ride",,0,12031,shp-805-59,1,1,1203
3542020,805,3,"Beck Road Park & Ride",,0,12851,shp-805-59,1,1,1285
2264020,805,3,"Beck Road Park & Ride",,0,11441,shp-805-59,1,1,1144
3297020,805,3,"Detroit",,1,18001,shp-805-01,1,1,1800
590020,805,3,"Detroit",,1,18011,shp-805-01,1,1,1801
77020,805,3,"Detroit",,1,11251,shp-805-01,1,1,1125
2763020,830,3,"Detroit",,1,18051,shp-830-01,1,1,1805
1680020,830,3,"Detroit",,1,18041,shp-830-01,1,1,1804
1935020,830,3,"Detroit",,1,18021,shp-830-01,1,1,1802
1298020,830,3,"Trenton",,0,12831,shp-830-51,1,1,1283
1025020,830,3,"Trenton",,0,11351,shp-830-51,1,1,1135
621020,830,3,"Trenton",,0,11621,shp-830-51,1,1,1162
2039020,851,3,"Detroit via Northland Loop / WSU",,0,28012,shp-851-53,1,1,2801
588020,851,3,"Detroit via Northland Loop / WSU",,0,28002,shp-851-53,1,1,2800
3159020,851,3,"Detroit via Northland Loop / WSU",,0,24972,shp-851-53,1,1,2497
2748020,851,3,"West Bloomfield via WSU / Northland Loop",,1,24592,shp-851-04,1,1,2459
1588020,851,3,"West Bloomfield via WSU / Northland Loop",,1,25002,shp-851-04,1,1,2500
2232020,851,3,"West Bloomfield via WSU / Northland Loop",,1,24542,shp-851-04,1,1,2454
